detector,delta_keV,ER_rejection,f2_90_C_1yr,f2_90_H_1yr,f2_sys_C_eps1e3,f2_sys_H_eps1e3,f2_P058,ratio_C_over_LZ,ratio_H_over_LZ,S_C_f2eq1,B_C_window,S_H_f2eq1,B_H_window,rej_needed_to_match_LZ_C,rej_needed_to_match_LZ_H
Borexino,300.0,1.0,0.026024513517711543,74.53474397206415,0.3351263814017688,886.9717099286471,0.0028,9.294469113468407,26619.55141859434,810705.8683238204,271688924.0325408,261.58460412384676,232018143.61073658,0.011575794888169705,1.4112323869131034e-09
Borexino,300.0,0.01,0.0026024513517711543,7.453474397206415,0.003351263814017688,8.869717099286472,0.0028,0.9294469113468409,2661.955141859434,810705.8683238204,271688924.0325408,261.58460412384676,232018143.61073658,0.011575794888169705,1.4112323869131034e-09
Borexino,300.0,0.0001,0.0002602451351771154,0.7453474397206414,3.3512638140176884e-05,0.08869717099286471,0.0028,0.09294469113468408,266.19551418594335,810705.8683238204,271688924.0325408,261.58460412384676,232018143.61073658,0.011575794888169705,1.4112323869131034e-09
Borexino,350.0,1.0,0.0004932428319543876,1.3287941822388547,0.006412503452617842,15.898711679047157,5.7e-05,8.653383016743643,23312.178635769378,43184310.12390133,276919537.7684369,14752.527634128639,234546183.3921869,0.013354515797197049,1.8400697057916719e-09
Borexino,350.0,0.01,4.932428319543877e-05,0.13287941822388546,6.412503452617843e-05,0.15898711679047156,5.7e-05,0.8653383016743643,2331.217863576938,43184310.12390133,276919537.7684369,14752.527634128639,234546183.3921869,0.013354515797197049,1.8400697057916719e-09
Borexino,350.0,0.0001,4.932428319543877e-06,0.013287941822388547,6.412503452617843e-07,0.0015898711679047156,5.7e-05,0.08653383016743643,233.1217863576938,43184310.12390133,276919537.7684369,14752.527634128639,234546183.3921869,0.013354515797197049,1.8400697057916719e-09
Borexino,366.0,1.0,4.023349864325199e-05,0.10586115099657241,0.0005234515391311762,1.261615928104479,4.8e-06,8.381978884010831,22054.406457619254,529810816.8853498,277330287.5469821,184447.9698278779,232702496.64138514,0.014233341685873152,2.05593439169843e-09
Borexino,366.0,0.01,4.0233498643251985e-06,0.010586115099657241,5.234515391311762e-06,0.01261615928104479,4.8e-06,0.8381978884010831,2205.440645761925,529810816.8853498,277330287.5469821,184447.9698278779,232702496.64138514,0.014233341685873152,2.05593439169843e-09
Borexino,366.0,0.0001,4.023349864325198e-07,0.001058611509965724,5.234515391311762e-08,0.0001261615928104479,4.8e-06,0.0838197888401083,220.5440645761925,529810816.8853498,277330287.5469821,184447.9698278779,232702496.64138514,0.014233341685873152,2.05593439169843e-09
Borexino,380.0,1.0,1.2737687875800907e-06,0.003285298560270834,1.6581363212861808e-05,0.039012192914421144,1.7e-07,7.492757574000534,19325.285648651967,16743990402.958752,277638186.50413144,5922030.171574186,231031383.4984747,0.017812162038848875,2.6776151465181398e-09
Borexino,380.0,0.01,1.2737687875800907e-07,0.00032852985602708335,1.658136321286181e-07,0.00039012192914421144,1.7e-07,0.7492757574000534,1932.5285648651964,16743990402.958752,277638186.50413144,5922030.171574186,231031383.4984747,0.017812162038848875,2.6776151465181398e-09
Borexino,380.0,0.0001,1.2737687875800907e-08,3.285298560270834e-05,1.658136321286181e-09,3.901219291442115e-06,1.7e-07,0.07492757574000534,193.25285648651965,16743990402.958752,277638186.50413144,5922030.171574186,231031383.4984747,0.017812162038848875,2.6776151465181398e-09
KamLAND,300.0,1.0,0.02705542186950389,51.87300210609801,1.2412088200065514,2199.16053294704,0.0028,9.66265066767996,18526.072180749292,2778153.077850146,3448268103.5559487,1339.0417123274647,2944767685.720384,0.010710443198317906,2.9136225949671384e-09
KamLAND,300.0,0.01,0.0027055421869503888,5.187300210609801,0.012412088200065516,21.9916053294704,0.0028,0.966265066767996,1852.607218074929,2778153.077850146,3448268103.5559487,1339.0417123274647,2944767685.720384,0.010710443198317906,2.9136225949671384e-09
KamLAND,300.0,0.0001,0.0002705542186950389,0.5187300210609802,0.00012412088200065513,0.219916053294704,0.0028,0.09662650667679962,185.26072180749293,2778153.077850146,3448268103.5559487,1339.0417123274647,2944767685.720384,0.010710443198317906,2.9136225949671384e-09
KamLAND,350.0,1.0,0.0005127816469480828,0.9247840636533416,0.02375001278747349,39.419317276846805,5.7e-05,8.996169244703207,16224.281818479678,147985389.98317826,3514654904.459735,75517.63197427797,2976853494.7902145,0.012356195342843851,3.798997756022498e-09
KamLAND,350.0,0.01,5.127816469480829e-05,0.09247840636533416,0.0002375001278747349,0.39419317276846805,5.7e-05,0.8996169244703208,1622.4281818479676,147985389.98317826,3514654904.459735,75517.63197427797,2976853494.7902145,0.012356195342843851,3.798997756022498e-09
KamLAND,350.0,0.0001,5.127816469480827e-06,0.009247840636533415,2.3750012787473493e-06,0.003941931727684681,5.7e-05,0.08996169244703206,162.24281818479673,147985389.98317826,3514654904.459735,75517.63197427797,2976853494.7902145,0.012356195342843851,3.798997756022498e-09
KamLAND,366.0,1.0,4.182726713944025e-05,0.07367484499118061,0.0019387094041895415,3.128054621999067,4.8e-06,8.714013987383387,15348.926039829295,1815572834.8822258,3519868128.9772367,944182.1936764761,2953453474.938919,0.013169324363598725,4.24467079481178e-09
KamLAND,366.0,0.01,4.182726713944025e-06,0.00736748449911806,1.9387094041895418e-05,0.031280546219990664,4.8e-06,0.8714013987383384,1534.8926039829291,1815572834.8822258,3519868128.9772367,944182.1936764761,2953453474.938919,0.013169324363598725,4.24467079481178e-09
KamLAND,366.0,0.0001,4.182726713944025e-07,0.0007367484499118061,1.938709404189542e-07,0.00031280546219990664,4.8e-06,0.08714013987383386,153.48926039829294,1815572834.8822258,3519868128.9772367,944182.1936764761,2953453474.938919,0.013169324363598725,4.24467079481178e-09
KamLAND,380.0,1.0,1.3242265561940952e-06,0.0022864276450719817,6.141245634393263e-05,0.09672695758020612,1.7e-07,7.789567977612325,13449.574382776364,57378847608.01155,3523775973.7921724,30314648.860776365,2932243754.415159,0.016480609029389068,5.528189449071849e-09
KamLAND,380.0,0.01,1.3242265561940953e-07,0.0002286427645071982,6.141245634393263e-07,0.0009672695758020613,1.7e-07,0.7789567977612326,1344.9574382776366,57378847608.01155,3523775973.7921724,30314648.860776365,2932243754.415159,0.016480609029389068,5.528189449071849e-09
KamLAND,380.0,0.0001,1.3242265561940953e-08,2.2864276450719816e-05,6.141245634393263e-09,9.672695758020612e-06,1.7e-07,0.07789567977612326,134.49574382776365,57378847608.01155,3523775973.7921724,30314648.860776365,2932243754.415159,0.016480609029389068,5.528189449071849e-09
SNO+,300.0,1.0,0.03027411619615967,69.36455501850102,1.2412088200065514,2628.064325714511,0.0028,10.81218435577131,24773.055363750365,2218818.8427471924,2754017517.6145444,894.9128026582929,2351888411.2914495,0.008554076221383483,1.6294493056904488e-09
SNO+,300.0,0.01,0.0030274116196159673,6.936455501850102,0.012412088200065514,26.28064325714511,0.0028,1.0812184355771313,2477.305536375037,2218818.8427471924,2754017517.6145444,894.9128026582929,2351888411.2914495,0.008554076221383483,1.6294493056904488e-09
SNO+,300.0,0.0001,0.00030274116196159673,0.6936455501850102,0.00012412088200065515,0.2628064325714511,0.0028,0.10812184355771312,247.73055363750365,2218818.8427471924,2754017517.6145444,894.9128026582929,2351888411.2914495,0.008554076221383483,1.6294493056904488e-09
SNO+,350.0,1.0,0.0005737855886277129,1.2366208327852728,0.02375001278747349,47.10729386384343,5.7e-05,10.06641383557391,21695.102329566187,118191029.27188626,2807038456.5719523,50470.194511529466,2377514284.2199564,0.009868483947105908,2.124597148087483e-09
SNO+,350.0,0.01,5.7378558862771285e-05,0.12366208327852729,0.00023750012787473492,0.47107293863843436,5.7e-05,1.0066413835573909,2169.510232956619,118191029.27188626,2807038456.5719523,50470.194511529466,2377514284.2199564,0.009868483947105908,2.124597148087483e-09
SNO+,350.0,0.0001,5.737855886277129e-06,0.01236620832785273,2.3750012787473493e-06,0.004710729386384343,5.7e-05,0.10066413835573909,216.9510232956619,118191029.27188626,2807038456.5719523,50470.194511529466,2377514284.2199564,0.009868483947105908,2.124597148087483e-09
SNO+,366.0,1.0,4.680331918884416e-05,0.09851796949052072,0.0019387094041895413,3.738121268457716,4.8e-06,9.750691497675867,20524.576977191817,1450037886.1534834,2811202086.3168817,631018.9782619961,2358825463.4416246,0.010517903162778378,2.373840692832968e-09
SNO+,366.0,0.01,4.680331918884416e-06,0.00985179694905207,1.9387094041895415e-05,0.03738121268457716,4.8e-06,0.9750691497675866,2052.4576977191814,1450037886.1534834,2811202086.3168817,631018.9782619961,2358825463.4416246,0.010517903162778378,2.373840692832968e-09
SNO+,366.0,0.0001,4.680331918884416e-07,0.0009851796949052073,1.9387094041895417e-07,0.0003738121268457717,4.8e-06,0.09750691497675867,205.2457697719182,1450037886.1534834,2811202086.3168817,631018.9782619961,2358825463.4416246,0.010517903162778378,2.373840692832968e-09
SNO+,380.0,1.0,1.481765423049954e-06,0.00305741001567698,6.141245634393263e-05,0.11559168270939599,1.7e-07,8.716267194411495,17984.764798099885,45826585029.75515,2814323152.5313544,20259986.768033538,2341885962.1870937,0.013162516545940464,3.091651085859659e-09
SNO+,380.0,0.01,1.4817654230499539e-07,0.00030574100156769796,6.141245634393263e-07,0.0011559168270939598,1.7e-07,0.8716267194411494,1798.4764798099882,45826585029.75515,2814323152.5313544,20259986.768033538,2341885962.1870937,0.013162516545940464,3.091651085859659e-09
SNO+,380.0,0.0001,1.4817654230499537e-08,3.05741001567698e-05,6.141245634393263e-09,1.1559168270939599e-05,1.7e-07,0.08716267194411494,179.84764798099886,45826585029.75515,2814323152.5313544,20259986.768033538,2341885962.1870937,0.013162516545940464,3.091651085859659e-09
JUNO,300.0,1.0,0.005978658908725644,13.698402031757993,1.2412088200065512,2628.0643257145107,0.0028,2.135235324544873,4892.286439913569,56892790.83967161,70615833784.98833,22946.48211944341,60304831058.75513,0.2193352877277817,4.1780751427960226e-08
JUNO,300.0,0.01,0.0005978658908725644,1.3698402031757992,0.012412088200065514,26.280643257145105,0.0028,0.21352353245448727,489.2286439913569,56892790.83967161,70615833784.98833,22946.48211944341,60304831058.75513,0.2193352877277817,4.1780751427960226e-08
JUNO,300.0,0.0001,5.978658908725643e-05,0.13698402031757995,0.00012412088200065513,0.2628064325714511,0.0028,0.021352353245448725,48.9228643991357,56892790.83967161,70615833784.98833,22946.48211944341,60304831058.75513,0.2193352877277817,4.1780751427960226e-08
JUNO,350.0,1.0,0.00011331357450436901,0.24421304690589965,0.023750012787473497,47.10729386384344,5.7e-05,1.9879574474450703,4284.439419401748,3030539212.099648,71975345040.30649,1294107.5515776786,60961904723.58864,0.2530380499257926,5.44768499509611e-08
JUNO,350.0,0.01,1.1331357450436902e-05,0.024421304690589965,0.00023750012787473492,0.47107293863843447,5.7e-05,0.19879574474450704,428.4439419401748,3030539212.099648,71975345040.30649,1294107.5515776786,60961904723.58864,0.2530380499257926,5.44768499509611e-08
JUNO,350.0,0.0001,1.1331357450436901e-06,0.0024421304690589968,2.3750012787473498e-06,0.004710729386384344,5.7e-05,0.0198795744744507,42.84439419401748,3030539212.099648,71975345040.30649,1294107.5515776786,60961904723.58864,0.2530380499257926,5.44768499509611e-08
JUNO,366.0,1.0,9.242914951281349e-06,0.019455740083298596,0.0019387094041895415,3.7381212684577165,4.8e-06,1.9256072815169476,4053.279184020541,37180458619.32009,72082104777.35596,16179973.801589642,60482704190.8109,0.26968982468662506,6.086771007264019e-08
JUNO,366.0,0.01,9.242914951281349e-07,0.0019455740083298596,1.9387094041895415e-05,0.03738121268457717,4.8e-06,0.19256072815169478,405.3279184020541,37180458619.32009,72082104777.35596,16179973.801589642,60482704190.8109,0.26968982468662506,6.086771007264019e-08
JUNO,366.0,0.0001,9.242914951281349e-08,0.00019455740083298599,1.9387094041895417e-07,0.0003738121268457717,4.8e-06,0.01925607281516948,40.53279184020541,37180458619.32009,72082104777.35596,16179973.801589642,60482704190.8109,0.26968982468662506,6.086771007264019e-08
JUNO,380.0,1.0,2.9262522445768396e-07,0.0006037900994174339,6.141245634393264e-05,0.11559168270939602,1.7e-07,1.7213248497510822,3551.706467161376,1175040641788.5938,72162132116.1886,519486840.20598817,60048358004.797295,0.33750042425488375,7.927310476563228e-08
JUNO,380.0,0.01,2.9262522445768398e-08,6.037900994174338e-05,6.141245634393264e-07,0.0011559168270939603,1.7e-07,0.17213248497510825,355.1706467161375,1175040641788.5938,72162132116.1886,519486840.20598817,60048358004.797295,0.33750042425488375,7.927310476563228e-08
JUNO,380.0,0.0001,2.92625224457684e-09,6.037900994174339e-06,6.141245634393264e-09,1.1559168270939602e-05,1.7e-07,0.017213248497510825,35.51706467161376,1175040641788.5938,72162132116.1886,519486840.20598817,60048358004.797295,0.33750042425488375,7.927310476563228e-08
