exposure_tyr,placement,regions_examined,P_DM,P_DM_P038wt,P_B,P_Usteady,BF_DM_vs_B,BF_DM_vs_Usteady,postDM_med,postDM_16,postDM_84
1.0,both 200-270,L2M + H,0.01923725408127753,0.006555915814065425,1.9270824502806567e-08,0.04808107796581055,998257.9665169931,0.4001003075462813,0.01752184360346968,0.0015167704127919113,0.1742294985386787
1.0,200-270 + 55-200,L2M + H,0.0209563845592636,0.014989320113589805,8.120995530725188e-06,0.007801324199523065,2580.5191592553724,2.686259925019495,0.106734694327384,0.01007658700623742,0.5854089898559225
1.0,both 55-200,L2M + H,0.028761669349043326,0.026910586339876953,0.0008555753335885226,0.0006328961604120117,33.61675847807443,45.444531264527896,0.36696947719396533,0.057513778903565495,0.8513328558171545
1.0,200-270 + 270-420,L2M + H + X,0.014743642522997865,0.00797865095471052,1.8930316675758728e-07,0.00018185151934696844,77883.7606128263,81.0751682248381,0.7829072347812881,0.23501872768162496,0.9770729761125738
1.0,both 270-420,L2M + H + X,0.011480115890646202,0.004831144136933985,4.6535421100630563e-07,3.4423724225679674e-07,24669.629325629212,33349.43022255034,0.9976548628639261,0.978157360068682,0.9997620939525286
1.0,55-200 + 270-420,L2M + H + X,0.012885091716503531,0.010012376436876557,3.9887503800540476e-05,2.9506049336296857e-05,323.03580040847123,436.6932207577156,0.8478063439531044,0.3696407364097573,0.9821515991227179
1.0,"one 200-270 only (N=1, nothing elsewhere)",L2M + H,0.08265087713311728,0.05474344436458251,0.0001921968942271627,0.18463133938871246,430.03232422387623,0.44765356416068003,0.01952344145851025,0.0016934399554412037,0.1904841664186545
1.0,nothing anywhere 55-420,L2M + H + X,0.5972789047458734,0.7007730537724374,0.957490031707259,0.7082856890679636,0.6237964730357467,0.8432739979990779,0.010642547669911646,0.0011310778069864463,0.09605370301693682
2.8,both 200-270,L2M + H,0.02717376324757213,0.012219103127866594,1.399679974597202e-07,0.11025943730840213,194142.6879054418,0.24645294689438255,0.010866174865183598,0.0009348402835077402,0.11501688062807665
2.8,200-270 + 55-200,L2M + H,0.0383718538106282,0.03318247238961752,5.8984475814690704e-05,0.026275910975467102,650.5415752303979,1.460343424304286,0.06086056597777818,0.005489611750114439,0.43351848920681857
2.8,both 55-200,L2M + H,0.05840203349353089,0.06141621079383916,0.006214221197483126,0.0031309043218655163,9.398125949746492,18.653407287365667,0.152974799639002,0.018831963873866563,0.6359386325791772
2.8,200-270 + 270-420,L2M + H + X,0.018353285648600785,0.012930734352594285,1.3725102994371507e-06,0.0006114144093476908,13372.056775185758,30.017751246951537,0.5711975412897897,0.1019012587371815,0.9402292483698307
2.8,both 270-420,L2M + H + X,0.012797872070348779,0.007436235699148286,3.3739712780954013e-06,1.6999042873976642e-06,3793.1182619827005,7528.583912180539,0.9864666987078679,0.885668976456223,0.9985835909477405
2.8,55-200 + 270-420,L2M + H + X,0.02085312819076018,0.019785840452661175,0.0002891975381224631,0.0001457060817769427,72.10686621381178,143.11776101895074,0.5808300403682005,0.12835871821487976,0.9305661450162686
2.8,"one 200-270 only (N=1, nothing elsewhere)",L2M + H,0.09219867190935387,0.06957159202601135,0.0004985592598622666,0.22209400943549573,184.93021659015005,0.41513353801707,0.01808884860218745,0.0015666940266282519,0.17867701318649595
2.8,nothing anywhere 55-420,L2M + H + X,0.41274564795416224,0.5040893386063521,0.8854742405705395,0.4461275256544995,0.4661294807268667,0.9251741356883018,0.008878017187598399,0.000951052075700872,0.07972990349181315
5.6,both 200-270,L2M + H,0.03225518031965143,0.018410946225378595,4.971226711888221e-07,0.11692420244467332,64883.744373428395,0.2758640182721287,0.012147127928391985,0.0010462800791283624,0.12699878247803537
5.6,200-270 + 55-200,L2M + H,0.044470867712092806,0.04339670642251105,0.00020949446093282786,0.04169747613942434,212.27705741753195,1.0665122167920917,0.04496010407503821,0.00400208233853394,0.35644450312544723
5.6,both 55-200,L2M + H,0.06803736586637657,0.07765016486023689,0.02207097548809346,0.007435071097536793,3.0826623817819203,9.150869571229395,0.0604030487126416,0.0068649847071576495,0.38335188269556125
5.6,200-270 + 270-420,L2M + H + X,0.016841681675374334,0.015257887489102019,4.861290060277417e-06,0.0009675841804725949,3464.446981469202,17.405908462815493,0.43448839203330475,0.06154222398145756,0.9003918498753871
5.6,both 270-420,L2M + H + X,0.01078743335578707,0.008796792549852396,1.1950258620713358e-05,4.025695308614151e-06,902.6945523245191,2679.644764148992,0.9495583215044866,0.6693303277399925,0.9945368158465798
5.6,55-200 + 270-420,L2M + H + X,0.021214397008542815,0.023059275928273754,0.00102430788177543,0.0003450595978812128,20.7109575021252,61.48038524013437,0.3016312197556586,0.044380334685160075,0.8068271397654465
5.6,"one 200-270 only (N=1, nothing elsewhere)",L2M + H,0.081825565920357,0.0702902811064434,0.000885363495608975,0.17622147654161477,92.42030683010637,0.46433367558938743,0.020084397746213695,0.0017463562403200318,0.19428949517403354
5.6,nothing anywhere 55-420,L2M + H + X,0.2673819190237993,0.34017130172296456,0.7840646307139736,0.2641286189442411,0.341020253369062,1.0123171055547184,0.007061449263929125,0.0007641058350053269,0.06434712811219985
10.0,both 200-270,L2M + H,0.028594099958969717,0.020391063124358923,1.3151105048876025e-06,0.08792625142171245,21742.735574463033,0.3252054932016436,0.01428858195693607,0.0012331676545881307,0.14638570707503373
10.0,200-270 + 55-200,L2M + H,0.03948324541858784,0.04249635741468306,0.0005542059983498135,0.04770308739104738,71.24290523045929,0.8276874218836789,0.03481111005857376,0.0030754453482875416,0.2969548728913259
10.0,both 55-200,L2M + H,0.06127771328976817,0.07421765961174279,0.058387543758758924,0.01294030229790947,1.0494997621915836,4.735415902893374,0.02272692507127534,0.002525303606796194,0.18220789323499254
10.0,200-270 + 270-420,L2M + H + X,0.012711047621340867,0.013558040569332927,1.2804606324358063e-05,0.001102152009031961,992.6933557621978,11.532935127982208,0.3344646276796075,0.041213648003826334,0.8547665164008266
10.0,both 270-420,L2M + H + X,0.007749021133110862,0.00780136222120968,3.147690329421907e-05,6.976156519140326e-06,246.18117801105353,1110.7865931405129,0.8450820836994372,0.3725923969724696,0.9812253441895088
10.0,55-200 + 270-420,L2M + H + X,0.017378753317932236,0.02059817897042173,0.002698020282361635,0.0005979562730691711,6.441298248032531,29.063585584161732,0.1249027825218876,0.015300530171994689,0.5776067757035894
10.0,"one 200-270 only (N=1, nothing elsewhere)",L2M + H,0.06167866011348395,0.059769952475153834,0.001311620862761225,0.11289730682547877,47.024762920923656,0.5463253451105731,0.023252667699361608,0.002032110322968334,0.2180166858600097
10.0,nothing anywhere 55-420,L2M + H + X,0.17113377236971458,0.22363037767670732,0.6476533449230952,0.14353797964484238,0.26423668419412805,1.1922542925095698,0.0058210332997059265,0.0006370092521398548,0.053116747483137
