width,k,line,E_keV,tail,f,Ne_mean,sigma_Ne,z_event,z_ROI_edge,P_Ne_le_event,P_Ne_le_ROI,P_V,P_G,P_B,S1c_if_Ne_event,P_G_over_P_V
cal,0.5,Xe124_KK,64.3,nest_skew,0.0,1118.3103491653558,135.11620771921187,6.28845852284176,5.24644073998933,5.1156418270766335e-19,2.9432139226605616e-13,1.97019294004806e-18,1.79981267661298e-13,6.97389691814426e-21,496.7002665330681,91352.10263057161
cal,0.5,Xe124_KK,64.3,nest_skew,0.1,1006.4793142488202,135.06707479291512,5.46277939476115,4.4203825603670825,2.3493843128439113e-14,1.5586804774506985e-09,6.527180928165922e-14,9.58929407853813e-10,5.829478733311782e-16,496.7002665330681,14691.32567960336
cal,0.5,Xe124_KK,64.3,nest_skew,0.2,894.6482793322847,135.01220031255627,4.636696511305169,3.593876004202393,1.9451045731524565e-10,1.5352566527931932e-06,3.901809065483365e-10,9.524086764344331e-07,8.740534865932562e-12,496.7002665330681,2440.9412671156592
cal,0.5,Xe124_KK,64.3,nest_skew,0.3,782.817244415749,134.9515772741834,3.810104139884645,2.7668151762517925,2.9707212040939756e-07,0.0002945694732479076,4.2921386486656384e-07,0.00018462636136530516,2.3973798583450454e-08,496.7002665330681,430.15004052281193
cal,0.5,Xe124_KK,64.3,nest_skew,0.4,670.9862094992135,134.88519792687086,2.9828960814360803,1.939093697194231,8.705122006744115e-05,0.011997556417571942,8.951562380275964e-05,0.007554212975633236,1.2429494810363602e-05,496.7002665330681,84.38988251121756
cal,0.5,Xe124_KK,64.3,gauss,0.0,1118.3103491653558,135.11620771921187,6.28845852284176,5.24644073998933,1.6031685351882855e-10,7.753284707334406e-08,1.8418848068781897e-10,4.854028079458937e-08,2.0744877368667942e-11,496.7002665330681,263.5359204512919
cal,0.5,Xe124_KK,64.3,gauss,0.1,1006.4793142488202,135.06707479291512,5.46277939476115,4.4203825603670825,2.3436848262955384e-08,4.926316001171533e-06,2.323026612278681e-08,3.0894675137148814e-06,3.825835768768527e-09,496.7002665330681,132.99320366736524
cal,0.5,Xe124_KK,64.3,gauss,0.2,894.6482793322847,135.01220031255627,4.636696511305169,3.593876004202393,1.7701080818615564e-06,0.00016289746347236843,1.4976412892149355e-06,0.00010187386309131645,3.642235800358955e-07,496.7002665330681,68.02287291686436
cal,0.5,Xe124_KK,64.3,gauss,0.3,782.817244415749,134.9515772741834,3.810104139884645,2.7668151762517925,6.945413348019789e-05,0.0028303418773005014,4.935551908550439e-05,0.0017469945460301208,1.7989559311811594e-05,496.7002665330681,35.396133571274895
cal,0.5,Xe124_KK,64.3,gauss,0.4,670.9862094992135,134.88519792687086,2.9828960814360803,1.939093697194231,0.0014276746254588103,0.026244965018644144,0.0008311524177576308,0.01563925369342868,0.0004643363052673342,496.7002665330681,18.816348673594526
cal,0.5,Xe124_KK,64.3,exp_tail,0.0,1118.3103491653558,135.11620771921187,6.28845852284176,5.24644073998933,5.064581119471069e-06,4.070321162305484e-05,1.8731384392405657e-06,2.2225970481172656e-05,2.427795126735763e-06,496.7002665330681,11.865631506758158
cal,0.5,Xe124_KK,64.3,exp_tail,0.1,1006.4793142488202,135.06707479291512,5.46277939476115,4.4203825603670825,2.640701486524655e-05,0.00021238981967184502,9.769925838316305e-06,0.00011598929195961885,1.2656430709703946e-05,496.7002665330681,11.87207496547464
cal,0.5,Xe124_KK,64.3,exp_tail,0.2,894.6482793322847,135.01220031255627,4.636696511305169,3.593876004202393,0.0001377989110785901,0.0011092467613358983,5.1001204500767084e-05,0.0006058576594322816,6.603164455945428e-05,496.7002665330681,11.879281388798752
cal,0.5,Xe124_KK,64.3,exp_tail,0.3,782.817244415749,134.9515772741834,3.810104139884645,2.7668151762517925,0.0007198048972170977,0.005799680602407714,0.000266519661750388,0.0031681871912030814,0.000344846986847312,496.7002665330681,11.887255035503847
cal,0.5,Xe124_KK,64.3,exp_tail,0.4,670.9862094992135,134.88519792687086,2.9828960814360803,1.939093697194231,0.0037645978286137355,0.030361421426879042,0.001394536922575169,0.016588089204868817,0.001803127381681131,496.7002665330681,11.89505199635521
cal,0.5,Xe124_KK,64.3,neg_skew,0.0,1118.3103491653558,135.11620771921187,6.28845852284176,5.24644073998933,7.73954382974341e-07,2.172903274652476e-05,4.70452686837263e-07,1.3227878357381385e-05,2.4609573031820856e-07,496.7002665330681,28.117340441414285
cal,0.5,Xe124_KK,64.3,neg_skew,0.1,1006.4793142488202,135.06707479291512,5.46277939476115,4.4203825603670825,1.1296908127198049e-05,0.000219888815066259,6.206669700324334e-06,0.00013141457126099903,3.982114631410953e-06,496.7002665330681,21.173121433243317
cal,0.5,Xe124_KK,64.3,neg_skew,0.2,894.6482793322847,135.01220031255627,4.636696511305169,3.593876004202393,0.00012334847802351347,0.001670228333104866,6.062873903342811e-05,0.0009712271861968542,4.814497677003833e-05,496.7002665330681,16.019254262592543
cal,0.5,Xe124_KK,64.3,neg_skew,0.3,782.817244415749,134.9515772741834,3.810104139884645,2.7668151762517925,0.0010101857079068898,0.009560201777727036,0.00043843114903726346,0.005340512108890381,0.0004357062227712511,496.7002665330681,12.180959588791616
cal,0.5,Xe124_KK,64.3,neg_skew,0.4,670.9862094992135,134.88519792687086,2.9828960814360803,1.939093697194231,0.006227344648949454,0.04146095852266869,0.002346305711006373,0.021847955903520625,0.0029573588054524385,496.7002665330681,9.311640764045892
cal,0.5,I125_K,67.3,nest_skew,0.0,1178.4509267941714,143.59982923531936,6.335754370179824,5.355297137432834,2.6249160121984636e-19,8.371323806195433e-14,1.598263774048709e-18,7.364633342214696e-14,5.0967175894326454e-21,521.2531628687107,46078.96056830886
cal,0.5,I125_K,67.3,nest_skew,0.1,1060.6058341147543,143.551480112101,5.5169626418123805,4.536175184343782,1.2245370883501833e-14,5.190526874827018e-10,5.4744235153335315e-14,4.5748892688245355e-10,4.1539782137807197e-16,521.2531628687107,8356.842060192357
cal,0.5,I125_K,67.3,nest_skew,0.2,942.7607414353372,143.49740124552025,4.697806750677737,3.7166496706682692,1.0579680104834336e-10,6.126020510078051e-07,3.469285291508983e-10,5.411195323232281e-07,6.239207812108017e-12,521.2531628687107,1559.7435403989664
cal,0.5,I125_K,67.3,nest_skew,0.3,824.91564875592,143.43758615489034,3.8781882943554677,2.89662206078147,1.7301473236760197e-07,0.00014346550553626103,4.140707062879014e-07,0.00012683739437325728,1.7593972018773707e-08,521.2531628687107,306.3182022953052
cal,0.5,I125_K,67.3,nest_skew,0.4,707.0705560765028,143.37202766071977,3.0580084697874566,2.0759934038627432,5.5561004199775055e-05,0.007193293354062741,9.561564466027096e-05,0.006301787140386627,9.604379324028722e-06,521.2531628687107,65.90748995917264
cal,0.5,I125_K,67.3,gauss,0.0,1178.4509267941714,143.59982923531936,6.335754370179824,5.355297137432834,1.1809140122919335e-10,4.270796570519681e-08,2.2127850115809124e-10,3.766343407304534e-08,1.920631097247495e-11,521.2531628687107,170.20828447376775
cal,0.5,I125_K,67.3,gauss,0.1,1060.6058341147543,143.551480112101,5.5169626418123805,4.536175184343782,1.724543582031472e-08,2.864180157379045e-06,2.7967922052829188e-08,2.5146639145224927e-06,3.4772398519015627e-09,521.2531628687107,89.9124328855212
cal,0.5,I125_K,67.3,gauss,0.2,942.7607414353372,143.49740124552025,4.697806750677737,3.7166496706682692,1.3148503118930224e-06,0.00010094103346207561,1.8251533253298671e-06,8.771044107893887e-05,3.2826156109673243e-07,521.2531628687107,48.05647824852557
cal,0.5,I125_K,67.3,gauss,0.3,824.91564875592,143.43758615489034,3.8781882943554677,2.89662206078147,5.26186265991998e-05,0.0018860193627104702,6.149727439297046e-05,0.001603128997151234,1.62331052327776e-05,521.2531628687107,26.06829348089746
cal,0.5,I125_K,67.3,gauss,0.4,707.0705560765028,143.37202766071977,3.0580084697874566,2.0759934038627432,0.0011140663916894818,0.018947280529854216,0.0010694887077869085,0.015401048154463989,0.00042326356659105424,521.2531628687107,14.400384073557314
cal,0.5,I125_K,67.3,exp_tail,0.0,1178.4509267941714,143.59982923531936,6.335754370179824,5.355297137432834,4.607473866563952e-06,3.2739889737193e-05,2.7421383020264814e-06,2.3901393462319882e-05,2.498100884169726e-06,521.2531628687107,8.716334053850016
cal,0.5,I125_K,67.3,exp_tail,0.1,1060.6058341147543,143.551480112101,5.5169626418123805,4.536175184343782,2.3694979620580466e-05,0.00016848354854596866,1.4106492985753372e-05,0.00012301523906367183,1.2845304684686828e-05,521.2531628687107,8.720469303597223
cal,0.5,I125_K,67.3,exp_tail,0.2,942.7607414353372,143.49740124552025,4.697806750677737,3.7166496706682692,0.00012194559194740621,0.0008677374028717849,7.262418418396809e-05,0.0006336532994757368,6.609796464024381e-05,521.2531628687107,8.725100413804261
cal,0.5,I125_K,67.3,exp_tail,0.3,824.91564875592,143.43758615489034,3.8781882943554677,2.89662206078147,0.0006281706657274453,0.004473580427188347,0.00037424972624141694,0.0032672861505546437,0.00034042891521560007,521.2531628687107,8.730229901215795
cal,0.5,I125_K,67.3,exp_tail,0.4,707.0705560765028,143.37202766071977,3.0580084697874566,2.0759934038627432,0.003239491135141268,0.023091079919092827,0.0019308369015443997,0.01686752193808482,0.0017552753598499527,521.2531628687107,8.73586056108269
cal,0.5,I125_K,67.3,neg_skew,0.0,1178.4509267941714,143.59982923531936,6.335754370179824,5.355297137432834,6.57920704496179e-07,1.5674102387599497e-05,6.504848711092121e-07,1.307000493468955e-05,2.4744696872951906e-07,521.2531628687107,20.092711629714724
cal,0.5,I125_K,67.3,neg_skew,0.1,1060.6058341147543,143.551480112101,5.5169626418123805,4.536175184343782,9.559827193561005e-06,0.0001617612252854996,8.546450258649517e-06,0.0001316966977883166,3.946731026538095e-06,521.2531628687107,15.409520187054467
cal,0.5,I125_K,67.3,neg_skew,0.2,942.7607414353372,143.49740124552025,4.697806750677737,3.7166496706682692,0.00010438726606730075,0.0012584099598878583,8.352959725179512e-05,0.0009911555436183128,4.7222467454752217e-05,521.2531628687107,11.86592029925072
cal,0.5,I125_K,67.3,neg_skew,0.3,824.91564875592,143.43758615489034,3.8781882943554677,2.89662206078147,0.000858789903264074,0.007406729397565215,0.0006072096269430381,0.005572175941885829,0.0004245070939754958,521.2531628687107,9.176692355716803
cal,0.5,I125_K,67.3,neg_skew,0.4,707.0705560765028,143.37202766071977,3.0580084697874566,2.0759934038627432,0.005341276725135919,0.033149940278687784,0.003282126428932469,0.023399255714465203,0.0028719174452384155,521.2531628687107,7.129297490857458
cal,0.5,beta_at_Eee,69.6,nest_skew,0.0,1226.455611560738,150.1760157853247,6.3779687148613,5.440445566049943,1.4400533831110174e-19,3.0666300783666257e-14,9.583495954910531e-19,2.949232167007034e-14,3.2451890825605287e-21,540.0770500593699,30774.074313621044
cal,0.5,beta_at_Eee,69.6,nest_skew,0.1,1103.8100504046643,150.12824348533618,5.563059620602433,4.625238142602169,6.9934366243293634e-15,2.178127091654952e-10,3.460154568435286e-14,2.0954702894244203e-10,2.6790844970633024e-16,540.0770500593699,6056.001973264482
cal,0.5,beta_at_Eee,69.6,nest_skew,0.2,981.1644892485904,150.07473431936438,4.747813223329702,3.8096573649599117,6.38344117123628e-11,2.981167637941167e-07,2.343306431338142e-10,2.8679000108606325e-07,4.136968709918677e-12,540.0770500593699,1223.8689624655374
cal,0.5,beta_at_Eee,69.6,nest_skew,0.3,858.5189280925165,150.01548214854475,3.932135793484289,2.9936093882190753,1.1183481576137213e-07,8.171643986705501e-05,3.026446410831901e-07,7.841698559661539e-05,1.2164783151015425e-08,540.0770500593699,259.1058124008228
cal,0.5,beta_at_Eee,69.6,nest_skew,0.4,735.8733669364427,149.95048016491984,3.11593324184853,2.17699999508498,3.8948173043173995e-05,0.004809774510966952,7.643491060794504e-05,0.004552177982596902,7.013714913761983e-06,540.0770500593699,59.556267501197624
cal,0.5,beta_at_Eee,69.6,gauss,0.0,1226.455611560738,150.1760157853247,6.3779687148613,5.440445566049943,8.972607954254588e-11,2.657373878777561e-08,1.8818711514603297e-10,2.5399488335035754e-08,1.5582012860660568e-11,540.0770500593699,134.9693272853765
cal,0.5,beta_at_Eee,69.6,gauss,0.1,1103.8100504046643,150.12824348533618,5.563059620602433,4.625238142602169,1.3254263608604844e-08,1.8708412413044871e-06,2.412603906239776e-08,1.7757196716141322e-06,2.8209779544347676e-09,540.0770500593699,73.60179045642533
cal,0.5,beta_at_Eee,69.6,gauss,0.2,981.1644892485904,150.07473431936438,4.747813223329702,3.8096573649599117,1.0281389625059188e-06,6.957975532067434e-05,1.6058675211142313e-06,6.515890021524272e-05,2.6777093722877146e-07,540.0770500593699,40.575514081032175
cal,0.5,beta_at_Eee,69.6,gauss,0.3,858.5189280925165,150.01548214854475,3.932135793484289,2.9936093882190753,4.209724031341854e-05,0.001378493296589603,5.5495009088508446e-05,0.00125828518449858,1.3384172072755647e-05,540.0770500593699,22.673844101759734
cal,0.5,beta_at_Eee,69.6,gauss,0.4,735.8733669364427,149.95048016491984,3.11593324184853,2.17699999508498,0.0009168188908616658,0.014740283903556119,0.0009953332853440125,0.012820801916914988,0.0003544024697664061,540.0770500593699,12.88091346456257
cal,0.5,beta_at_Eee,69.6,exp_tail,0.0,1226.455611560738,150.1760157853247,6.3779687148613,5.440445566049943,4.234439836097776e-06,2.7613294647417672e-05,2.801082147261212e-06,2.1254047621453252e-05,2.2831017792089067e-06,540.0770500593699,7.587798752076808
cal,0.5,beta_at_Eee,69.6,exp_tail,0.1,1103.8100504046643,150.12824348533618,5.563059620602433,4.625238142602169,2.1608121464877348e-05,0.0001409932749382129,1.4298031459137366e-05,0.00010853699931814141,1.1649261980391153e-05,540.0770500593699,7.591044937083227
cal,0.5,beta_at_Eee,69.6,exp_tail,0.2,981.1644892485904,150.07473431936438,4.747813223329702,3.8096573649599117,0.00011033950617086935,0.000720448366217652,7.30357025334269e-05,0.0005546831674307665,5.947832292098809e-05,540.0770500593699,7.594685177114572
cal,0.5,beta_at_Eee,69.6,exp_tail,0.3,858.5189280925165,150.01548214854475,3.932135793484289,2.9936093882190753,0.0005639225345650994,0.003684793269596618,0.0003734084827212398,0.0028374270049493864,0.00030393979358818457,540.0770500593699,7.59872133667517
cal,0.5,beta_at_Eee,69.6,exp_tail,0.4,735.8733669364427,149.95048016491984,3.11593324184853,2.17699999508498,0.002885120642640544,0.018867355563093144,0.0019111946246987029,0.014531109900157655,0.0015547718034015735,540.0770500593699,7.603155488389082
cal,0.5,beta_at_Eee,69.6,neg_skew,0.0,1226.455611560738,150.1760157853247,6.3779687148613,5.440445566049943,5.686661190083839e-07,1.2097307067290384e-05,6.294517896929189e-07,1.0788849228820074e-05,2.193120074900896e-07,540.0770500593699,17.14007237009123
cal,0.5,beta_at_Eee,69.6,neg_skew,0.1,1103.8100504046643,150.12824348533618,5.563059620602433,4.625238142602169,8.285761455876481e-06,0.00012724735076316508,8.298158302344151e-06,0.0001105241141061014,3.484594031295636e-06,540.0770500593699,13.319113721279502
cal,0.5,beta_at_Eee,69.6,neg_skew,0.2,981.1644892485904,150.07473431936438,4.747813223329702,3.8096573649599117,9.095379958337712e-05,0.001011256120001963,8.158904073229709e-05,0.0008475694924129848,4.162024616825766e-05,540.0770500593699,10.388276229327865
cal,0.5,beta_at_Eee,69.6,neg_skew,0.3,858.5189280925165,150.01548214854475,3.932135793484289,2.9936093882190753,0.0007540774970783776,0.006093361542190491,0.0005982164930666596,0.004865974901422735,0.0003742101539724278,540.0770500593699,8.13413698522103
cal,0.5,beta_at_Eee,69.6,neg_skew,0.4,735.8733669364427,149.95048016491984,3.11593324184853,2.17699999508498,0.0047375399247302115,0.027972042236733802,0.003269998209156247,0.020912949518476096,0.0025364106587159427,540.0770500593699,6.395400908758367
raw,1.0,Xe124_KK,64.3,nest_skew,0.0,1118.3103491653558,270.23241543842374,3.14422926142088,2.623220369994665,3.264984275043459e-05,0.0006243104880268857,1.827246758443201e-05,0.0003727828118163579,1.1226219774548668e-05,496.7002665330681,20.40133934258369
raw,1.0,Xe124_KK,64.3,nest_skew,0.1,1006.4793142488202,270.13414958583024,2.731389697380575,2.2101912801835413,0.0003560831511897622,0.004194067579269017,0.00017138959473205612,0.0024051466191196027,0.00014075197517175093,496.7002665330681,14.033212593096541
raw,1.0,Xe124_KK,64.3,nest_skew,0.2,894.6482793322847,270.02440062511255,2.3183482556525843,1.7969380021011965,0.0026403910725158464,0.019598567645247478,0.001070311648327771,0.010535783445317236,0.0011922027681766955,496.7002665330681,9.843659518961687
raw,1.0,Xe124_KK,64.3,nest_skew,0.3,782.817244415749,269.9031545483668,1.9050520699423226,1.3834075881258963,0.01354385553454801,0.06538758522504529,0.004499414481219889,0.03182194572109921,0.006909402649012892,496.7002665330681,7.072463729207627
raw,1.0,Xe124_KK,64.3,nest_skew,0.4,670.9862094992135,269.7703958537417,1.4914480407180402,0.9695468485971155,0.049222175317973405,0.16132928241726452,0.012943617852833378,0.06777050458853526,0.027839173509030427,496.7002665330681,5.235823968157418
raw,1.0,Xe124_KK,64.3,gauss,0.0,1118.3103491653558,270.23241543842374,3.14422926142088,2.623220369994665,0.0008326246071580513,0.0043551456606710885,0.00026731655231852986,0.002173540205214392,0.0004303755810167819,496.7002665330681,8.130960041054392
raw,1.0,Xe124_KK,64.3,gauss,0.1,1006.4793142488202,270.13414958583024,2.731389697380575,2.2101912801835413,0.0031533924215453135,0.013545944947244726,0.0009081425377927726,0.006375396910325056,0.0017030815753810613,496.7002665330681,7.0202601959603905
raw,1.0,Xe124_KK,64.3,gauss,0.2,894.6482793322847,270.02440062511255,2.3183482556525843,1.7969380021011965,0.010215200904637414,0.03617273137907739,0.002604882025869802,0.015817539305212062,0.00572881920351511,496.7002665330681,6.072267053986981
raw,1.0,Xe124_KK,64.3,gauss,0.3,782.817244415749,269.9031545483668,1.9050520699423226,1.3834075881258963,0.028386651454439835,0.08326996258188679,0.006307630567206296,0.03318958363745508,0.016388123002118126,496.7002665330681,5.261814762901537
raw,1.0,Xe124_KK,64.3,gauss,0.4,670.9862094992135,269.7703958537417,1.4914480407180402,0.9695468485971155,0.06792195161701822,0.16613620874496632,0.012891073048411823,0.0588836522840688,0.03988206059688003,496.7002665330681,4.567785169080494
raw,1.0,Xe124_KK,64.3,exp_tail,0.0,1118.3103491653558,270.23241543842374,3.14422926142088,2.623220369994665,0.0027263798778643772,0.007729100260273486,0.000528517741329283,0.003039814274612058,0.0014969748200510432,496.7002665330681,5.751584170034813
raw,1.0,Xe124_KK,64.3,exp_tail,0.1,1006.4793142488202,270.13414958583024,2.731389697380575,2.2101912801835413,0.006225500279012945,0.017655558087639644,0.0012072485105147144,0.006945363012572525,0.003418330653182047,496.7002665330681,5.753051631110604
raw,1.0,Xe124_KK,64.3,exp_tail,0.2,894.6482793322847,270.02440062511255,2.3183482556525843,1.7969380021011965,0.014221240952618244,0.04024721910321234,0.002758840760053512,0.01581405889700883,0.007808908147201334,496.7002665330681,5.732139065794465
raw,1.0,Xe124_KK,64.3,exp_tail,0.3,782.817244415749,269.9031545483668,1.9050520699423226,1.3834075881258963,0.032494054087817255,0.08714535125931065,0.006281440456451517,0.03304927784252416,0.017847982707932888,496.7002665330681,5.261417038281409
raw,1.0,Xe124_KK,64.3,exp_tail,0.4,670.9862094992135,269.7703958537417,1.4914480407180402,0.9695468485971155,0.07186222254492636,0.16966128828118926,0.012836577268310233,0.05863472726794329,0.04018204117418579,496.7002665330681,4.567785169080494
raw,1.0,Xe124_KK,64.3,neg_skew,0.0,1118.3103491653558,270.23241543842374,3.14422926142088,2.623220369994665,0.004465685516945905,0.012577875754998746,0.0009081004446787962,0.004913327516660845,0.002537594339305823,496.7002665330681,5.410555126860152
raw,1.0,Xe124_KK,64.3,neg_skew,0.1,1006.4793142488202,270.13414958583024,2.731389697380575,2.2101912801835413,0.010237596017232984,0.026430215343122346,0.0019244570836014453,0.009772203728503678,0.005821096226305067,496.7002665330681,5.077901612758177
raw,1.0,Xe124_KK,64.3,neg_skew,0.2,894.6482793322847,270.02440062511255,2.3183482556525843,1.7969380021011965,0.0219045182918609,0.05189420364307497,0.0037820138016423023,0.018030150237437603,0.012404235886159402,496.7002665330681,4.767341205790467
raw,1.0,Xe124_KK,64.3,neg_skew,0.3,782.817244415749,269.9031545483668,1.9050520699423226,1.3834075881258963,0.04378222284321813,0.09531476941114478,0.0068922631457421545,0.030858369286516855,0.024554341516222825,496.7002665330681,4.477247695567208
raw,1.0,Xe124_KK,64.3,neg_skew,0.4,670.9862094992135,269.7703958537417,1.4914480407180402,0.9695468485971155,0.08183885377664168,0.1639859417235222,0.011646353467770251,0.0489842070153836,0.04515156266085256,496.7002665330681,4.205969460822303
raw,1.0,I125_K,67.3,nest_skew,0.0,1178.4509267941714,287.1996584706387,3.167877185089912,2.677648568716417,2.813412357499656e-05,0.00047221174267209065,2.565727837273979e-05,0.00038394640765823044,1.1352272792665368e-05,521.2531628687107,14.964424600317848
raw,1.0,I125_K,67.3,nest_skew,0.1,1060.6058341147543,287.102960224202,2.7584813209061902,2.268087592171891,0.00030808842684292015,0.00328411414542204,0.00024179356132350175,0.0025454108028255982,0.00014094281616000085,521.2531628687107,10.527206716724885
raw,1.0,I125_K,67.3,nest_skew,0.2,942.7607414353372,286.9948024910405,2.3489033753388684,1.8583248353341346,0.0023062417556827253,0.015935006256197592,0.0015257579998029973,0.011496288421667288,0.0011873666223561402,521.2531628687107,7.534804617214306
raw,1.0,I125_K,67.3,nest_skew,0.3,824.91564875592,286.8751723097807,1.9390941471777339,1.448311030390735,0.011997537004526992,0.055271588516084214,0.006514850755165192,0.03589033606354487,0.006867562474993141,521.2531628687107,5.509003569282046
raw,1.0,I125_K,67.3,nest_skew,0.4,707.0705560765028,286.74405532143953,1.5290042348937283,1.0379967019313716,0.044373819925058844,0.1416236254825114,0.019120084773346355,0.07910063577807594,0.027677473511751746,521.2531628687107,4.137044198064605
raw,1.0,I125_K,67.3,gauss,0.0,1178.4509267941714,287.1996584706387,3.167877185089912,2.677648568716417,0.0007677818728165484,0.003707048175609995,0.00039825294069409454,0.0024552852381753815,0.0004442971802629325,521.2531628687107,6.1651402595953
raw,1.0,I125_K,67.3,gauss,0.1,1060.6058341147543,287.102960224202,2.7584813209061902,2.268087592171891,0.002903531192385271,0.011661934237085284,0.001351526978394974,0.007257516934969922,0.001740100872085194,521.2531628687107,5.369864642723369
raw,1.0,I125_K,67.3,gauss,0.2,942.7607414353372,286.9948024910405,2.3489033753388684,1.8583248353341346,0.009414396116090646,0.03156144953899707,0.003882995375363786,0.018189841616204024,0.005804008233076817,521.2531628687107,4.684487066766046
raw,1.0,I125_K,67.3,gauss,0.3,824.91564875592,286.8751723097807,1.9390941471777339,1.448311030390735,0.02624493762722568,0.0737650420854427,0.00944348952914202,0.03865208292006454,0.016492681674228713,521.2531628687107,4.092987322195532
raw,1.0,I125_K,67.3,gauss,0.4,707.0705560765028,286.74405532143953,1.5290042348937283,1.0379967019313716,0.06313169703686759,0.14963579526965715,0.01943720382138569,0.06961965516668986,0.03993767853965363,521.2531628687107,3.5817731709995844
raw,1.0,I125_K,67.3,exp_tail,0.0,1178.4509267941714,287.1996584706387,3.167877185089912,2.677648568716417,0.0026004352368581337,0.006931914672478652,0.0008064816740813162,0.0035441841407743255,0.0015359647459460522,521.2531628687107,4.394624521148104
raw,1.0,I125_K,67.3,exp_tail,0.1,1060.6058341147543,287.102960224202,2.7584813209061902,2.268087592171891,0.00589715810752112,0.015725097700655496,0.0018294914519399012,0.00804172826315474,0.0034833552584975502,521.2531628687107,4.3956085471881785
raw,1.0,I125_K,67.3,exp_tail,0.2,942.7607414353372,286.9948024910405,2.3489033753388684,1.8583248353341346,0.013378199101108827,0.03565543101669309,0.004151843397200462,0.01822682338081673,0.007902686588929814,521.2531628687107,4.390055605928406
raw,1.0,I125_K,67.3,exp_tail,0.3,824.91564875592,286.8751723097807,1.9390941471777339,1.448311030390735,0.03036139415125518,0.07768061190646196,0.009406179028908817,0.038488684931132985,0.01793721209782569,521.2531628687107,4.091851198328504
raw,1.0,I125_K,67.3,exp_tail,0.4,707.0705560765028,286.74405532143953,1.5290042348937283,1.0379967019313716,0.06709221830850197,0.1532306287279127,0.01935503489865427,0.06932534472376053,0.040196858679722704,521.2531628687107,3.5817731709995853
raw,1.0,I125_K,67.3,neg_skew,0.0,1178.4509267941714,287.1996584706387,3.167877185089912,2.677648568716417,0.004249417805719382,0.011346889934980012,0.0013882418624578596,0.005783047404925157,0.0026090173687000205,521.2531628687107,4.165734776709849
raw,1.0,I125_K,67.3,neg_skew,0.1,1060.6058341147543,287.102960224202,2.7584813209061902,2.268087592171891,0.009715859834600837,0.023916148445667536,0.0029352240359828033,0.011518152915049457,0.005938419609548948,521.2531628687107,3.924113721422571
raw,1.0,I125_K,67.3,neg_skew,0.2,942.7607414353372,286.9948024910405,2.3489033753388684,1.8583248353341346,0.020754926329915102,0.047146445121244294,0.005762146364180621,0.02130618277296558,0.012568255456866257,521.2531628687107,3.6976122136382643
raw,1.0,I125_K,67.3,neg_skew,0.3,824.91564875592,286.8751723097807,1.9390941471777339,1.448311030390735,0.041460928541374883,0.08702138330055986,0.010502210446671179,0.03660211231951302,0.024734250517315398,521.2531628687107,3.4851817629606314
raw,1.0,I125_K,67.3,neg_skew,0.4,707.0705560765028,286.74405532143953,1.5290042348937283,1.0379967019313716,0.07753331205996933,0.15058408551593683,0.01777054615889848,0.058389958892907164,0.04526221942855693,521.2531628687107,3.2857717692412503
raw,1.0,beta_at_Eee,69.6,nest_skew,0.0,1226.455611560738,300.3520315706494,3.18898435743065,2.7202227830249717,2.4606490721876262e-05,0.0003777961568686983,2.517637245425965e-05,0.00032783728239300735,1.012407086609462e-05,540.0770500593699,13.0216250569307
raw,1.0,beta_at_Eee,69.6,nest_skew,0.1,1103.8100504046643,300.25648697067237,2.7815298103012167,2.3126190713010844,0.00027202675905074747,0.0027076254637334596,0.00023976043111995267,0.002232585489642635,0.00012572118947743317,540.0770500593699,9.311734547748072
raw,1.0,beta_at_Eee,69.6,nest_skew,0.2,981.1644892485904,300.14946863872876,2.373906611664851,1.9048286824799558,0.0020613992640999834,0.013554529050417985,0.0015334325119673745,0.010373803852219695,0.0010615342093648122,540.0770500593699,6.765086674020128
raw,1.0,beta_at_Eee,69.6,nest_skew,0.3,858.5189280925165,300.0309642970895,1.9660678967421445,1.4968046941095376,0.010880407603973963,0.04850723682403185,0.006653950401086435,0.03334805037937434,0.006162256505461132,540.0770500593699,5.011767201319893
raw,1.0,beta_at_Eee,69.6,nest_skew,0.4,735.8733669364427,299.9009603298397,1.557966620924265,1.08849999754249,0.040890568106891345,0.12804717368170415,0.019887217746382187,0.07567622124854448,0.024941736620291678,540.0770500593699,3.8052694053853373
raw,1.0,beta_at_Eee,69.6,gauss,0.0,1226.455611560738,300.3520315706494,3.18898435743065,2.7202227830249717,0.0007138680162047594,0.0032618973565744246,0.00041340349271785926,0.0022740556942005075,0.00040785727996359275,540.0770500593699,5.500813936645938
raw,1.0,beta_at_Eee,69.6,gauss,0.1,1103.8100504046643,300.25648697067237,2.7815298103012167,2.3126190713010844,0.0027051680794048685,0.010371796019231844,0.0014065435780531367,0.006783221974281776,0.0015910227684814665,540.0770500593699,4.822617713466619
raw,1.0,beta_at_Eee,69.6,gauss,0.2,981.1644892485904,300.14946863872876,2.373906611664851,1.9048286824799558,0.008800500786724811,0.02840117208327925,0.004057508120343393,0.017179568924126285,0.005290579909762318,540.0770500593699,4.234019603803616
raw,1.0,beta_at_Eee,69.6,gauss,0.3,858.5189280925165,300.0309642970895,1.9660678967421445,1.4968046941095376,0.024645384077956023,0.06722204226388132,0.00992306155485522,0.03693886382120055,0.015001108563306064,540.0770500593699,3.7225269254857
raw,1.0,beta_at_Eee,69.6,gauss,0.4,735.8733669364427,299.9009603298397,1.557966620924265,1.08849999754249,0.0596205804621562,0.13818721882992835,0.020569888231799446,0.06741697079121868,0.036277352261084014,540.0770500593699,3.2774592662587874
raw,1.0,beta_at_Eee,69.6,exp_tail,0.0,1226.455611560738,300.3520315706494,3.18898435743065,2.7202227830249717,0.00249294435832313,0.006366103798981631,0.000856833525763758,0.0033791707711710193,0.0014137633479615955,540.0770500593699,3.9437891603960273
raw,1.0,beta_at_Eee,69.6,exp_tail,0.1,1103.8100504046643,300.25648697067237,2.7815298103012167,2.3126190713010844,0.005631487289049759,0.014385130334207893,0.00193614970197448,0.007637311833128414,0.0031938305727755895,540.0770500593699,3.944587458986206
raw,1.0,beta_at_Eee,69.6,exp_tail,0.2,981.1644892485904,300.14946863872876,2.373906611664851,1.9048286824799558,0.01272565426280607,0.0325085133320851,0.004376669979581574,0.017259522083160207,0.007217660523980736,540.0770500593699,3.9435283363106763
raw,1.0,beta_at_Eee,69.6,exp_tail,0.3,858.5189280925165,300.0309642970895,1.9660678967421445,1.4968046941095376,0.028768602561843666,0.07116527199173237,0.009887161418045378,0.036782708302381985,0.01631815869829881,540.0770500593699,3.720249599166923
raw,1.0,beta_at_Eee,69.6,exp_tail,0.4,735.8733669364427,299.9009603298397,1.557966620924265,1.08849999754249,0.06359594464376774,0.14183045005164335,0.020482930993904302,0.06713197198611097,0.03649252727764049,540.0770500593699,3.2774592662587874
raw,1.0,beta_at_Eee,69.6,neg_skew,0.0,1226.455611560738,300.3520315706494,3.18898435743065,2.7202227830249717,0.004064456760168056,0.010459811194930654,0.001477201614628487,0.005556192575401503,0.0024037780146218463,540.0770500593699,3.7612960345963833
raw,1.0,beta_at_Eee,69.6,neg_skew,0.1,1103.8100504046643,300.25648697067237,2.7815298103012167,2.3126190713010844,0.009290786591445742,0.022126131824245276,0.0031236429320970474,0.01109832825897573,0.00545081010013352,540.0770500593699,3.553007978259828
raw,1.0,beta_at_Eee,69.6,neg_skew,0.2,981.1644892485904,300.14946863872876,2.373906611664851,1.9048286824799558,0.019853701537458333,0.04379781063372933,0.00613680891981746,0.020602280531293475,0.011499118854850216,540.0770500593699,3.357165067460874
raw,1.0,beta_at_Eee,69.6,neg_skew,0.3,858.5189280925165,300.0309642970895,1.9660678967421445,1.4968046941095376,0.03969641365259043,0.08121314731751075,0.011201394308058,0.035541372394352296,0.022569079878691632,540.0770500593699,3.172941815715275
raw,1.0,beta_at_Eee,69.6,neg_skew,0.4,735.8733669364427,299.9009603298397,1.557966620924265,1.08849999754249,0.07434053882691016,0.1412432790328518,0.018994295794024608,0.0569737451594118,0.041210041969778705,540.0770500593699,2.999518685885428
