drift_us,survival_tau566us,logS2c_70keV_ER
9.300000000000000000e+01,8.484339858081328956e-01,4.554927622027721057e+00
9.523558897243107424e+01,8.450883902106116619e-01,4.553211700682440188e+00
9.747117794486214848e+01,8.417559871655921899e-01,4.551495779337159320e+00
9.970676691729323693e+01,8.384367246514132788e-01,4.549779857991878451e+00
1.019423558897243112e+02,8.351305508515481923e-01,4.548063936646597583e+00
1.041779448621553854e+02,8.318374141537965283e-01,4.546348015301316714e+00
1.064135338345864739e+02,8.285572631494780849e-01,4.544632093956036734e+00
1.086491228070175481e+02,8.252900466326305029e-01,4.542916172610755865e+00
1.108847117794486223e+02,8.220357135992096831e-01,4.541200251265474996e+00
1.131203007518796966e+02,8.187942132462939782e-01,4.539484329920194128e+00
1.153558897243107708e+02,8.155654949712904944e-01,4.537768408574913259e+00
1.175914786967418593e+02,8.123495083711459452e-01,4.536052487229632391e+00
1.198270676691729335e+02,8.091462032415589478e-01,4.534336565884352410e+00
1.220626566416040077e+02,8.059555295761970939e-01,4.532620644539071542e+00
1.242982456140350962e+02,8.027774375659156858e-01,4.530904723193790673e+00
1.265338345864661704e+02,7.996118775979804694e-01,4.529188801848509804e+00
1.287694235588972447e+02,7.964588002552931423e-01,4.527472880503228936e+00
1.310050125313283047e+02,7.933181563156197491e-01,4.525756959157948067e+00
1.332406015037593932e+02,7.901898967508226290e-01,4.524041037812668087e+00
1.354761904761904816e+02,7.870739727260945839e-01,4.522325116467387218e+00
1.377117794486215416e+02,7.839703355991968214e-01,4.520609195122106350e+00
1.399473684210526301e+02,7.808789369196994512e-01,4.518893273776825481e+00
1.421829573934837185e+02,7.777997284282252011e-01,4.517177352431544612e+00
1.444185463659147786e+02,7.747326620556964638e-01,4.515461431086264632e+00
1.466541353383458670e+02,7.716776899225837871e-01,4.513745509740983763e+00
1.488897243107769555e+02,7.686347643381598038e-01,4.512029588395702895e+00
1.511253132832080155e+02,7.656038377997537170e-01,4.510313667050422026e+00
1.533609022556391039e+02,7.625848629920101152e-01,4.508597745705141158e+00
1.555964912280701924e+02,7.595777927861503409e-01,4.506881824359860289e+00
1.578320802005012524e+02,7.565825802392369681e-01,4.505165903014580309e+00
1.600676691729323409e+02,7.535991785934403886e-01,4.503449981669299440e+00
1.623032581453634293e+02,7.506275412753096177e-01,4.501734060324018571e+00
1.645388471177944893e+02,7.476676218950447650e-01,4.500018138978737703e+00
1.667744360902255494e+02,7.447193742457728360e-01,4.498302217633456834e+00
1.690100250626566378e+02,7.417827523028266423e-01,4.496586296288176854e+00
1.712456140350877263e+02,7.388577102230261540e-01,4.494870374942895985e+00
1.734812030075187863e+02,7.359442023439631830e-01,4.493154453597615117e+00
1.757167919799498748e+02,7.330421831832879542e-01,4.491438532252334248e+00
1.779523809523809632e+02,7.301516074379994503e-01,4.489722610907053379e+00
1.801879699248120232e+02,7.272724299837384221e-01,4.488006689561772511e+00
1.824235588972431117e+02,7.244046058740822858e-01,4.486290768216491642e+00
1.846591478696742001e+02,7.215480903398441281e-01,4.484574846871211662e+00
1.868947368421052602e+02,7.187028387883737102e-01,4.482858925525930793e+00
1.891303258145363486e+02,7.158688068028608020e-01,4.481143004180649925e+00
1.913659147869674371e+02,7.130459501416425150e-01,4.479427082835369056e+00
1.936015037593984971e+02,7.102342247375121875e-01,4.477711161490088188e+00
1.958370927318295855e+02,7.074335866970317133e-01,4.475995240144808207e+00
1.980726817042606740e+02,7.046439922998459782e-01,4.474279318799527339e+00
2.003082706766917340e+02,7.018653979980008506e-01,4.472563397454246470e+00
2.025438596491227941e+02,6.990977604152630587e-01,4.470847476108965601e+00
2.047794486215538825e+02,6.963410363464429542e-01,4.469131554763684733e+00
2.070150375939849710e+02,6.935951827567201633e-01,4.467415633418403864e+00
2.092506265664160310e+02,6.908601567809719013e-01,4.465699712073123884e+00
2.114862155388471194e+02,6.881359157231037305e-01,4.463983790727843015e+00
2.137218045112782079e+02,6.854224170553827600e-01,4.462267869382562147e+00
2.159573934837092679e+02,6.827196184177743987e-01,4.460551948037281278e+00
2.181929824561403564e+02,6.800274776172802182e-01,4.458836026692000409e+00
2.204285714285714448e+02,6.773459526272801456e-01,4.457120105346719541e+00
2.226641604010025048e+02,6.746750015868757666e-01,4.455404184001439560e+00
2.248997493734335933e+02,6.720145828002370703e-01,4.453688262656158692e+00
2.271353383458646817e+02,6.693646547359515253e-01,4.451972341310877823e+00
2.293709273182957418e+02,6.667251760263759319e-01,4.450256419965596955e+00
2.316065162907268302e+02,6.640961054669901609e-01,4.448540498620316086e+00
2.338421052631578902e+02,6.614774020157545564e-01,4.446824577275036106e+00
2.360776942355889787e+02,6.588690247924684495e-01,4.445108655929755237e+00
2.383132832080200671e+02,6.562709330781328898e-01,4.443392734584474368e+00
2.405488721804511272e+02,6.536830863143141546e-01,4.441676813239193500e+00
2.427844611528822156e+02,6.511054441025112549e-01,4.439960891893912631e+00
2.450200501253132757e+02,6.485379662035245518e-01,4.438244970548631763e+00
2.472556390977443641e+02,6.459806125368285912e-01,4.436529049203350894e+00
2.494912280701754526e+02,6.434333431799453829e-01,4.434813127858070914e+00
2.517268170426065126e+02,6.408961183678218987e-01,4.433097206512790045e+00
2.539624060150376010e+02,6.383688984922089027e-01,4.431381285167509176e+00
2.561979949874686895e+02,6.358516441010428899e-01,4.429665363822228308e+00
2.584335839598997495e+02,6.333443158978299126e-01,4.427949442476947439e+00
2.606691729323308664e+02,6.308468747410324040e-01,4.426233521131667459e+00
2.629047619047619264e+02,6.283592816434583339e-01,4.424517599786386590e+00
2.651403508771929864e+02,6.258814977716516958e-01,4.422801678441105722e+00
2.673759398496240465e+02,6.234134844452874358e-01,4.421085757095824853e+00
2.696115288220551065e+02,6.209552031365667135e-01,4.419369835750543984e+00
2.718471177944862234e+02,6.185066154696159391e-01,4.417653914405263116e+00
2.740827067669173402e+02,6.160676832198875852e-01,4.415937993059983135e+00
2.763182957393484003e+02,6.136383683135635536e-01,4.414222071714702267e+00
2.785538847117794603e+02,6.112186328269605395e-01,4.412506150369421398e+00
2.807894736842105203e+02,6.088084389859381718e-01,4.410790229024140530e+00
2.830250626566415804e+02,6.064077491653093732e-01,4.409074307678859661e+00
2.852606516290726972e+02,6.040165258882527199e-01,4.407358386333578792e+00
2.874962406015037573e+02,6.016347318257282417e-01,4.405642464988298812e+00
2.897318295739348741e+02,5.992623297958934447e-01,4.403926543643017943e+00
2.919674185463659342e+02,5.968992827635237752e-01,4.402210622297737075e+00
2.942030075187969942e+02,5.945455538394340822e-01,4.400494700952456206e+00
2.964385964912280542e+02,5.922011062799030778e-01,4.398778779607175338e+00
2.986741854636591711e+02,5.898659034860992412e-01,4.397062858261895357e+00
3.009097744360902311e+02,5.875399090035099414e-01,4.395346936916614489e+00
3.031453634085213480e+02,5.852230865213718936e-01,4.393631015571333620e+00
3.053809523809524080e+02,5.829153998721049446e-01,4.391915094226052751e+00
3.076165413533834680e+02,5.806168130307470809e-01,4.390199172880771883e+00
3.098521303258145281e+02,5.783272901143916567e-01,4.388483251535491014e+00
3.120877192982455881e+02,5.760467953816279518e-01,4.386767330190211034e+00
3.143233082706767050e+02,5.737752932319829524e-01,4.385051408844930165e+00
3.165588972431077650e+02,5.715127482053655728e-01,4.383335487499649297e+00
3.187944862155388819e+02,5.692591249815127652e-01,4.381619566154368428e+00
3.210300751879699419e+02,5.670143883794388495e-01,4.379903644809087560e+00
3.232656641604010019e+02,5.647785033568857305e-01,4.378187723463806691e+00
3.255012531328320620e+02,5.625514350097760019e-01,4.376471802118526711e+00
3.277368421052631788e+02,5.603331485716680493e-01,4.374755880773245842e+00
3.299724310776942389e+02,5.581236094132137060e-01,4.373039959427964973e+00
3.322080200501253557e+02,5.559227830416167970e-01,4.371324038082684105e+00
3.344436090225564158e+02,5.537306351000957916e-01,4.369608116737403236e+00
3.366791979949874758e+02,5.515471313673463438e-01,4.367892195392122368e+00
3.389147869674185358e+02,5.493722377570079418e-01,4.366176274046842387e+00
3.411503759398495959e+02,5.472059203171312225e-01,4.364460352701561519e+00
3.433859649122807127e+02,5.450481452296483953e-01,4.362744431356280650e+00
3.456215538847118296e+02,5.428988788098447760e-01,4.361028510010999781e+00
3.478571428571428896e+02,5.407580875058337622e-01,4.359312588665718913e+00
3.500927318295739497e+02,5.386257378980321420e-01,4.357596667320438044e+00
3.523283208020050097e+02,5.365017966986389553e-01,4.355880745975158064e+00
3.545639097744361266e+02,5.343862307511155763e-01,4.354164824629877195e+00
3.567994987468671866e+02,5.322790070296683496e-01,4.352448903284596327e+00
3.590350877192982466e+02,5.301800926387327806e-01,4.350732981939315458e+00
3.612706766917293635e+02,5.280894548124603904e-01,4.349017060594034589e+00
3.635062656641604235e+02,5.260070609142065701e-01,4.347301139248754609e+00
3.657418546365914835e+02,5.239328784360218760e-01,4.345585217903473740e+00
3.679774436090225436e+02,5.218668749981437704e-01,4.343869296558192872e+00
3.702130325814536604e+02,5.198090183484918025e-01,4.342153375212912003e+00
3.724486215538847205e+02,5.177592763621637895e-01,4.340437453867631135e+00
3.746842105263157805e+02,5.157176170409343285e-01,4.338721532522351154e+00
3.769197994987468974e+02,5.136840085127553079e-01,4.337005611177070286e+00
3.791553884711779574e+02,5.116584190312584157e-01,4.335289689831789417e+00
3.813909774436090174e+02,5.096408169752597583e-01,4.333573768486508548e+00
3.836265664160401343e+02,5.076311708482654783e-01,4.331857847141227680e+00
3.858621553884711943e+02,5.056294492779811467e-01,4.330141925795946811e+00
3.880977443609022544e+02,5.036356210158209334e-01,4.328426004450666831e+00
3.903333333333333712e+02,5.016496549364204416e-01,4.326710083105385962e+00
3.925689223057644313e+02,4.996715200371509846e-01,4.324994161760105094e+00
3.948045112781954913e+02,4.977011854376349742e-01,4.323278240414824225e+00
3.970401002506265513e+02,4.957386203792642498e-01,4.321562319069543356e+00
3.992756892230576682e+02,4.937837942247196854e-01,4.319846397724262488e+00
4.015112781954887282e+02,4.918366764574934602e-01,4.318130476378982507e+00
4.037468671679197882e+02,4.898972366814119961e-01,4.316414555033701639e+00
4.059824561403509051e+02,4.879654446201615592e-01,4.314698633688420770e+00
4.082180451127819651e+02,4.860412701168161931e-01,4.312982712343139902e+00
4.104536340852130252e+02,4.841246831333661516e-01,4.311266790997859033e+00
4.126892230576441420e+02,4.822156537502496065e-01,4.309550869652578164e+00
4.149248120300752021e+02,4.803141521658853552e-01,4.307834948307298184e+00
4.171604010025062621e+02,4.784201486962073591e-01,4.306119026962017315e+00
4.193959899749373790e+02,4.765336137742016143e-01,4.304403105616736447e+00
4.216315789473684390e+02,4.746545179494447431e-01,4.302687184271455578e+00
4.238671679197994990e+02,4.727828318876439173e-01,4.300971262926174710e+00
4.261027568922306159e+02,4.709185263701788360e-01,4.299255341580893841e+00
4.283383458646616759e+02,4.690615722936462006e-01,4.297539420235613861e+00
4.305739348370927360e+02,4.672119406694046351e-01,4.295823498890332992e+00
4.328095238095238528e+02,4.653696026231226579e-01,4.294107577545052123e+00
4.350451127819549129e+02,4.635345293943279321e-01,4.292391656199771255e+00
4.372807017543859729e+02,4.617066923359578468e-01,4.290675734854490386e+00
4.395162907268170329e+02,4.598860629139127632e-01,4.288959813509210406e+00
4.417518796992481498e+02,4.580726127066102604e-01,4.287243892163929537e+00
4.439874686716792098e+02,4.562663134045418789e-01,4.285527970818648669e+00
4.462230576441102698e+02,4.544671368098307518e-01,4.283812049473367800e+00
4.484586466165413867e+02,4.526750548357914572e-01,4.282096128128086931e+00
4.506942355889724467e+02,4.508900395064918132e-01,4.280380206782806063e+00
4.529298245614035068e+02,4.491120629563158939e-01,4.278664285437525194e+00
4.551654135338346236e+02,4.473410974295292664e-01,4.276948364092245214e+00
4.574010025062656837e+02,4.455771152798455592e-01,4.275232442746964345e+00
4.596365914786967437e+02,4.438200889699947527e-01,4.273516521401683477e+00
4.618721804511278606e+02,4.420699910712935221e-01,4.271800600056402608e+00
4.641077694235589206e+02,4.403267942632169141e-01,4.270084678711121740e+00
4.663433583959899806e+02,4.385904713329721316e-01,4.268368757365841759e+00
4.685789473684210407e+02,4.368609951750731524e-01,4.266652836020560891e+00
4.708145363408521575e+02,4.351383387909180667e-01,4.264936914675280022e+00
4.730501253132832176e+02,4.334224752883675813e-01,4.263220993329999153e+00
4.752857142857142776e+02,4.317133778813249667e-01,4.261505071984718285e+00
4.775213032581453945e+02,4.300110198893179470e-01,4.259789150639437416e+00
4.797568922305764545e+02,4.283153747370825326e-01,4.258073229294157436e+00
4.819924812030075145e+02,4.266264159541477419e-01,4.256357307948876567e+00
4.842280701754386314e+02,4.249441171744223755e-01,4.254641386603595699e+00
4.864636591478696914e+02,4.232684521357840124e-01,4.252925465258314830e+00
4.886992481203007515e+02,4.215993946796681713e-01,4.251209543913033961e+00
4.909348370927318683e+02,4.199369187506606371e-01,4.249493622567753093e+00
4.931704260651629284e+02,4.182809983960903977e-01,4.247777701222473112e+00
4.954060150375939884e+02,4.166316077656244676e-01,4.246061779877192244e+00
4.976416040100251053e+02,4.149887211108646001e-01,4.244345858531911375e+00
4.998771929824561653e+02,4.133523127849451084e-01,4.242629937186630507e+00
5.021127819548872253e+02,4.117223572421325750e-01,4.240914015841349638e+00
5.043483709273183422e+02,4.100988290374268375e-01,4.239198094496069658e+00
5.065839598997494022e+02,4.084817028261643057e-01,4.237482173150788789e+00
5.088195488721804622e+02,4.068709533636218900e-01,4.235766251805507920e+00
5.110551378446115223e+02,4.052665555046228163e-01,4.234050330460227052e+00
5.132907268170426960e+02,4.036684842031443843e-01,4.232334409114946183e+00
5.155263157894737560e+02,4.020767145119270025e-01,4.230618487769665315e+00
5.177619047619048160e+02,4.004912215820845001e-01,4.228902566424384446e+00
5.199974937343358761e+02,3.989119806627162146e-01,4.227186645079104466e+00
5.222330827067669361e+02,3.973389671005208568e-01,4.225470723733823597e+00
5.244686716791979961e+02,3.957721563394114295e-01,4.223754802388542728e+00
5.267042606516290562e+02,3.942115239201319787e-01,4.222038881043261860e+00
5.289398496240601162e+02,3.926570454798757881e-01,4.220322959697980991e+00
5.311754385964911762e+02,3.911086967519050717e-01,4.218607038352701011e+00
5.334110275689223499e+02,3.895664535651718330e-01,4.216891117007420142e+00
5.356466165413534100e+02,3.880302918439411664e-01,4.215175195662139274e+00
5.378822055137844700e+02,3.865001876074147802e-01,4.213459274316858405e+00
5.401177944862155300e+02,3.849761169693570184e-01,4.211743352971577536e+00
5.423533834586467037e+02,3.834580561377216590e-01,4.210027431626296668e+00
5.445889724310777638e+02,3.819459814142810994e-01,4.208311510281016687e+00
5.468245614035088238e+02,3.804398691942555977e-01,4.206595588935735819e+00
5.490601503759398838e+02,3.789396959659454001e-01,4.204879667590454950e+00
5.512957393483709438e+02,3.774454383103634791e-01,4.203163746245174082e+00
5.535313283208020039e+02,3.759570729008698264e-01,4.201447824899893213e+00
5.557669172932330639e+02,3.744745765028075768e-01,4.199731903554612344e+00
5.580025062656641239e+02,3.729979259731401875e-01,4.198015982209332364e+00
5.602380952380951840e+02,3.715270982600898941e-01,4.196300060864051495e+00
5.624736842105263577e+02,3.700620704027782759e-01,4.194584139518770627e+00
5.647092731829574177e+02,3.686028195308676536e-01,4.192868218173489758e+00
5.669448621553884777e+02,3.671493228642038753e-01,4.191152296828208890e+00
5.691804511278196514e+02,3.657015577124608230e-01,4.189436375482928909e+00
5.714160401002507115e+02,3.642595014747865290e-01,4.187720454137648041e+00
5.736516290726817715e+02,3.628231316394497363e-01,4.186004532792367172e+00
5.758872180451128315e+02,3.613924257834889575e-01,4.184288611447086303e+00
5.781228070175438916e+02,3.599673615723622544e-01,4.182572690101805435e+00
5.803583959899749516e+02,3.585479167595985173e-01,4.180856768756524566e+00
5.825939849624060116e+02,3.571340691864502426e-01,4.179140847411244586e+00
5.848295739348370716e+02,3.557257967815477540e-01,4.177424926065963717e+00
5.870651629072681317e+02,3.543230775605543670e-01,4.175709004720682849e+00
5.893007518796991917e+02,3.529258896258234968e-01,4.173993083375401980e+00
5.915363408521303654e+02,3.515342111660564317e-01,4.172277162030121112e+00
5.937719298245614254e+02,3.501480204559623277e-01,4.170561240684840243e+00
5.960075187969924855e+02,3.487672958559188685e-01,4.168845319339560263e+00
5.982431077694236592e+02,3.473920158116339807e-01,4.167129397994279394e+00
6.004786967418547192e+02,3.460221588538102133e-01,4.165413476648998525e+00
6.027142857142857792e+02,3.446577035978088399e-01,4.163697555303717657e+00
6.049498746867168393e+02,3.432986287433164030e-01,4.161981633958436788e+00
6.071854636591478993e+02,3.419449130740121467e-01,4.160265712613156808e+00
6.094210526315789593e+02,3.405965354572367820e-01,4.158549791267875939e+00
6.116566416040100194e+02,3.392534748436625280e-01,4.156833869922595071e+00
6.138922305764410794e+02,3.379157102669645418e-01,4.155117948577314202e+00
6.161278195488722531e+02,3.365832208434937911e-01,4.153402027232033333e+00
6.183634085213033131e+02,3.352559857719508707e-01,4.151686105886752465e+00
6.205989974937343732e+02,3.339339843330611513e-01,4.149970184541471596e+00
6.228345864661654332e+02,3.326171958892515934e-01,4.148254263196191616e+00
6.250701754385964932e+02,3.313055998843285055e-01,4.146538341850910747e+00
6.273057644110275533e+02,3.299991758431564670e-01,4.144822420505629879e+00
6.295413533834587270e+02,3.286979033713389176e-01,4.143106499160349010e+00
6.317769423558897870e+02,3.274017621548998558e-01,4.141390577815068141e+00
6.340125313283208470e+02,3.261107319599663157e-01,4.139674656469788161e+00
6.362481203007519071e+02,3.248247926324527302e-01,4.137958735124507292e+00
6.384837092731829671e+02,3.235439240977466824e-01,4.136242813779226424e+00
6.407192982456140271e+02,3.222681063603948237e-01,4.134526892433945555e+00
6.429548872180450871e+02,3.209973195037911231e-01,4.132810971088664687e+00
6.451904761904762609e+02,3.197315436898659491e-01,4.131095049743383818e+00
6.474260651629073209e+02,3.184707591587764841e-01,4.129379128398103838e+00
6.496616541353383809e+02,3.172149462285978605e-01,4.127663207052822969e+00
6.518972431077694409e+02,3.159640852950162393e-01,4.125947285707542100e+00
6.541328320802005010e+02,3.147181568310227218e-01,4.124231364362261232e+00
6.563684210526315610e+02,3.134771413866083156e-01,4.122515443016980363e+00
6.586040100250627347e+02,3.122410195884607886e-01,4.120799521671699495e+00
6.608395989974937947e+02,3.110097721396617443e-01,4.119083600326419514e+00
6.630751879699248548e+02,3.097833798193853627e-01,4.117367678981138646e+00
6.653107769423559148e+02,3.085618234825988626e-01,4.115651757635857777e+00
6.675463659147869748e+02,3.073450840597630185e-01,4.113935836290576908e+00
6.697819548872180349e+02,3.061331425565348430e-01,4.112219914945296040e+00
6.720175438596490949e+02,3.049259800534711573e-01,4.110503993600016059e+00
6.742531328320802686e+02,3.037235777057326613e-01,4.108788072254735191e+00
6.764887218045113286e+02,3.025259167427906681e-01,4.107072150909454322e+00
6.787243107769423887e+02,3.013329784681330614e-01,4.105356229564173454e+00
6.809598997493734487e+02,3.001447442589733616e-01,4.103640308218892585e+00
6.831954887218045087e+02,2.989611955659592368e-01,4.101924386873611716e+00
6.854310776942355687e+02,2.977823139128835117e-01,4.100208465528331736e+00
6.876666666666667425e+02,2.966080808963951765e-01,4.098492544183050867e+00
6.899022556390978025e+02,2.954384781857128384e-01,4.096776622837769999e+00
6.921378446115288625e+02,2.942734875223378399e-01,4.095060701492489130e+00
6.943734335839599225e+02,2.931130907197696533e-01,4.093344780147208262e+00
6.966090225563909826e+02,2.919572696632217745e-01,4.091628858801927393e+00
6.988446115288220426e+02,2.908060063093389491e-01,4.089912937456647413e+00
7.010802005012531026e+02,2.896592826859157865e-01,4.088197016111366544e+00
7.033157894736842763e+02,2.885170808916157070e-01,4.086481094766085675e+00
7.055513784461153364e+02,2.873793830956919981e-01,4.084765173420804807e+00
7.077869674185463964e+02,2.862461715377090377e-01,4.083049252075523938e+00
7.100225563909774564e+02,2.851174285272652931e-01,4.081333330730243958e+00
7.122581453634085165e+02,2.839931364437169869e-01,4.079617409384963089e+00
7.144937343358395765e+02,2.828732777359032613e-01,4.077901488039682221e+00
7.167293233082707502e+02,2.817578349218718969e-01,4.076185566694401352e+00
7.189649122807018102e+02,2.806467905886066982e-01,4.074469645349120484e+00
7.212005012531328703e+02,2.795401273917553220e-01,4.072753724003839615e+00
7.234360902255639303e+02,2.784378280553590490e-01,4.071037802658558746e+00
7.256716791979949903e+02,2.773398753715823339e-01,4.069321881313278766e+00
7.279072681704260503e+02,2.762462522004449084e-01,4.067605959967997897e+00
7.301428571428572241e+02,2.751569414695537175e-01,4.065890038622717029e+00
7.323784461152882841e+02,2.740719261738367440e-01,4.064174117277436160e+00
7.346140350877193441e+02,2.729911893752772212e-01,4.062458195932155292e+00
7.368496240601504041e+02,2.719147142026495101e-01,4.060742274586875311e+00
7.390852130325814642e+02,2.708424838512555888e-01,4.059026353241594443e+00
7.413208020050125242e+02,2.697744815826625397e-01,4.057310431896313574e+00
7.435563909774435842e+02,2.687106907244417031e-01,4.055594510551032705e+00
7.457919799498747579e+02,2.676510946699079962e-01,4.053878589205751837e+00
7.480275689223058180e+02,2.665956768778608432e-01,4.052162667860470968e+00
7.502631578947368780e+02,2.655444208723258814e-01,4.050446746515190988e+00
7.524987468671679380e+02,2.644973102422977784e-01,4.048730825169910119e+00
7.547343358395989981e+02,2.634543286414841590e-01,4.047014903824629251e+00
7.569699248120300581e+02,2.624154597880502537e-01,4.045298982479348382e+00
7.592055137844612318e+02,2.613806874643647138e-01,4.043583061134067513e+00
7.614411027568922918e+02,2.603499955167467017e-01,4.041867139788786645e+00
7.636766917293233519e+02,2.593233678552134824e-01,4.040151218443506664e+00
7.659122807017544119e+02,2.583007884532292908e-01,4.038435297098225796e+00
7.681478696741854719e+02,2.572822413474550318e-01,4.036719375752944927e+00
7.703834586466165320e+02,2.562677106374993685e-01,4.035003454407664059e+00
7.726190476190477057e+02,2.552571804856701987e-01,4.033287533062383190e+00
7.748546365914787657e+02,2.542506351167277412e-01,4.031571611717103210e+00
7.770902255639098257e+02,2.532480588176379555e-01,4.029855690371822341e+00
7.793258145363408858e+02,2.522494359373274042e-01,4.028139769026541472e+00
7.815614035087719458e+02,2.512547508864388934e-01,4.026423847681260604e+00
7.837969924812030058e+02,2.502639881370879449e-01,4.024707926335979735e+00
7.860325814536340658e+02,2.492771322226209896e-01,4.022992004990698867e+00
7.882681704260652396e+02,2.482941677373730061e-01,4.021276083645417998e+00
7.905037593984962996e+02,2.473150793364279343e-01,4.019560162300138018e+00
7.927393483709273596e+02,2.463398517353783956e-01,4.017844240954857149e+00
7.949749373433584196e+02,2.453684697100874945e-01,4.016128319609576280e+00
7.972105263157894797e+02,2.444009180964511474e-01,4.014412398264295412e+00
7.994461152882205397e+02,2.434371817901611335e-01,4.012696476919014543e+00
8.016817042606517134e+02,2.424772457464695052e-01,4.010980555573734563e+00
8.039172932330827734e+02,2.415210949799536932e-01,4.009264634228453694e+00
8.061528822055138335e+02,2.405687145642825819e-01,4.007548712883172826e+00
8.083884711779448935e+02,2.396200896319833629e-01,4.005832791537891957e+00
8.106240601503759535e+02,2.386752053742095259e-01,4.004116870192611088e+00
8.128596491228070136e+02,2.377340470405097661e-01,4.002400948847331108e+00
8.150952380952380736e+02,2.367965999385975850e-01,4.000685027502050239e+00
8.173308270676692473e+02,2.358628494341219461e-01,3.998969106156769371e+00
8.195664160401003073e+02,2.349327809504390407e-01,3.997253184811488502e+00
8.218020050125313674e+02,2.340063799683843593e-01,3.995537263466207634e+00
8.240375939849624274e+02,2.330836320260462891e-01,3.993821342120926765e+00
8.262731829573934874e+02,2.321645227185403781e-01,3.992105420775646341e+00
8.285087719298245474e+02,2.312490376977842377e-01,3.990389499430365916e+00
8.307443609022557212e+02,2.303371626722737209e-01,3.988673578085085047e+00
8.329799498746867812e+02,2.294288834068599348e-01,3.986957656739804179e+00
8.352155388471178412e+02,2.285241857225267514e-01,3.985241735394523310e+00
8.374511278195489012e+02,2.276230554961695685e-01,3.983525814049242886e+00
8.396867167919799613e+02,2.267254786603749017e-01,3.981809892703962017e+00
8.419223057644110213e+02,2.258314412032007279e-01,3.980093971358681593e+00
8.441578947368420813e+02,2.249409291679577150e-01,3.978378050013400724e+00
8.463934837092732550e+02,2.240539286529914520e-01,3.976662128668119855e+00
8.486290726817043151e+02,2.231704258114653727e-01,3.974946207322838987e+00
8.508646616541353751e+02,2.222904068511444842e-01,3.973230285977558562e+00
8.531002506265664351e+02,2.214138580341802054e-01,3.971514364632277694e+00
8.553358395989974952e+02,2.205407656768959002e-01,3.969798443286997269e+00
8.575714285714285552e+02,2.196711161495731590e-01,3.968082521941716401e+00
8.598070175438597289e+02,2.188048958762391083e-01,3.966366600596435532e+00
8.620426065162907889e+02,2.179420913344545241e-01,3.964650679251154664e+00
8.642781954887218490e+02,2.170826890551026400e-01,3.962934757905874239e+00
8.665137844611529090e+02,2.162266756221788155e-01,3.961218836560593370e+00
8.687493734335839690e+02,2.153740376725813976e-01,3.959502915215312946e+00
8.709849624060150290e+02,2.145247618959027491e-01,3.957786993870032077e+00
8.732205513784462028e+02,2.136788350342216369e-01,3.956071072524751209e+00
8.754561403508772628e+02,2.128362438818964253e-01,3.954355151179470340e+00
8.776917293233083228e+02,2.119969752853585465e-01,3.952639229834189916e+00
8.799273182957393828e+02,2.111610161429074706e-01,3.950923308488909491e+00
8.821629072681704429e+02,2.103283534045060632e-01,3.949207387143628623e+00
8.843984962406015029e+02,2.094989740715768600e-01,3.947491465798347754e+00
8.866340852130325629e+02,2.086728651967991455e-01,3.945775544453066885e+00
8.888696741854637366e+02,2.078500138839069478e-01,3.944059623107786017e+00
8.911052631578947967e+02,2.070304072874875612e-01,3.942343701762505592e+00
8.933408521303258567e+02,2.062140326127810674e-01,3.940627780417224724e+00
8.955764411027569167e+02,2.054008771154806068e-01,3.938911859071944299e+00
8.978120300751879768e+02,2.045909281015334535e-01,3.937195937726663431e+00
9.000476190476190368e+02,2.037841729269428137e-01,3.935480016381382562e+00
9.022832080200502105e+02,2.029805989975704272e-01,3.933764095036102137e+00
9.045187969924812705e+02,2.021801937689400863e-01,3.932048173690821269e+00
9.067543859649123306e+02,2.013829447460416533e-01,3.930332252345540844e+00
9.089899749373433906e+02,2.005888394831360222e-01,3.928616331000259976e+00
9.112255639097744506e+02,1.997978655835609407e-01,3.926900409654979107e+00
9.134611528822055107e+02,1.990100106995373874e-01,3.925184488309698239e+00
9.156967418546366844e+02,1.982252625319768091e-01,3.923468566964417814e+00
9.179323308270677444e+02,1.974436088302892189e-01,3.921752645619136945e+00
9.201679197994988044e+02,1.966650373921918493e-01,3.920036724273856521e+00
9.224035087719298645e+02,1.958895360635186933e-01,3.918320802928575652e+00
9.246390977443609245e+02,1.951170927380307951e-01,3.916604881583294784e+00
9.268746867167919845e+02,1.943476953572272348e-01,3.914888960238014359e+00
9.291102756892230445e+02,1.935813319101568619e-01,3.913173038892733491e+00
9.313458646616542183e+02,1.928179904332309180e-01,3.911457117547452622e+00
9.335814536340852783e+02,1.920576590100361580e-01,3.909741196202172198e+00
9.358170426065163383e+02,1.913003257711487493e-01,3.908025274856891329e+00
9.380526315789473983e+02,1.905459788939491972e-01,3.906309353511610460e+00
9.402882205513784584e+02,1.897946066024376044e-01,3.904593432166330036e+00
9.425238095238095184e+02,1.890461971670499286e-01,3.902877510821049167e+00
9.447593984962406921e+02,1.883007389044747681e-01,3.901161589475768743e+00
9.469949874686717521e+02,1.875582201774712021e-01,3.899445668130487874e+00
9.492305764411028122e+02,1.868186293946868803e-01,3.897729746785207006e+00
9.514661654135338722e+02,1.860819550104771125e-01,3.896013825439926137e+00
9.537017543859649322e+02,1.853481855247248178e-01,3.894297904094645713e+00
9.559373433583959923e+02,1.846173094826607797e-01,3.892581982749364844e+00
9.581729323308270523e+02,1.838893154746849001e-01,3.890866061404084419e+00
9.604085213032582260e+02,1.831641921361880920e-01,3.889150140058803551e+00
9.626441102756892860e+02,1.824419281473750321e-01,3.887434218713522682e+00
9.648796992481203461e+02,1.817225122330870524e-01,3.885718297368241814e+00
9.671152882205514061e+02,1.810059331626265311e-01,3.884002376022961389e+00
9.693508771929824661e+02,1.802921797495813105e-01,3.882286454677680965e+00
9.715864661654135261e+02,1.795812408516501979e-01,3.880570533332400096e+00
9.738220551378446999e+02,1.788731053704689933e-01,3.878854611987119227e+00
9.760576441102757599e+02,1.781677622514373227e-01,3.877138690641838359e+00
9.782932330827068199e+02,1.774652004835457764e-01,3.875422769296557490e+00
9.805288220551378799e+02,1.767654090992043792e-01,3.873706847951277066e+00
9.827644110275689400e+02,1.760683771740710890e-01,3.871990926605996197e+00
9.850000000000000000e+02,1.753740938268815164e-01,3.870275005260715773e+00
