operator,halo,v_lab_kms,f_s,E_max_keV,R_lo,R_hi,N_lo_per_hi
O1,SHM (16 June),,0,1418.4,5.1064e+08,1.9873e+05,2569.5
O1,monochromatic stream,300,1,194.57,1.6307e+11,0,inf
O1,SHM + stream (sigma 20),300,0.01,280.18,5.1097e+08,1.9786e+05,2582.5
O1,SHM + stream (sigma 20),300,0.05,280.18,5.1229e+08,1.9437e+05,2635.6
O1,SHM + stream (sigma 20),300,0.2,280.18,5.1723e+08,1.8129e+05,2853
O1,monochromatic stream,500,1,540.48,1.6307e+11,1.3797e+08,1181.9
O1,SHM + stream (sigma 20),500,0.01,677.98,5.088e+08,1.995e+05,2550.3
O1,SHM + stream (sigma 20),500,0.05,677.98,5.0142e+08,2.0259e+05,2475
O1,SHM + stream (sigma 20),500,0.2,677.98,4.7374e+08,2.1418e+05,2211.9
O1,monochromatic stream,555,1,665.92,1.6307e+11,1.3797e+08,1181.9
O1,SHM + stream (sigma 20),555,0.01,817.69,5.0847e+08,1.9923e+05,2552.2
O1,SHM + stream (sigma 20),555,0.05,817.69,4.998e+08,2.0123e+05,2483.8
O1,SHM + stream (sigma 20),555,0.2,817.69,4.6728e+08,2.0871e+05,2238.9
O1,monochromatic stream,600,1,778.29,1.6307e+11,1.3797e+08,1181.9
O1,SHM + stream (sigma 20),600,0.01,941.73,5.0825e+08,1.9904e+05,2553.5
O1,SHM + stream (sigma 20),600,0.05,941.73,4.987e+08,2.0029e+05,2489.8
O1,SHM + stream (sigma 20),600,0.2,941.73,4.6287e+08,2.0498e+05,2258.1
O1,monochromatic stream,700,1,1059.3,1.6307e+11,1.3797e+08,1181.9
O1,SHM + stream (sigma 20),700,0.01,1248.7,5.0786e+08,1.9872e+05,2555.7
O1,SHM + stream (sigma 20),700,0.05,1248.7,4.9676e+08,1.9865e+05,2500.6
O1,SHM + stream (sigma 20),700,0.2,1248.7,4.551e+08,1.9841e+05,2293.8
O1,monochromatic stream,800,1,1383.6,1.6307e+11,1.3797e+08,1181.9
O1,SHM + stream (sigma 20),800,0.01,1599,5.0757e+08,1.9847e+05,2557.4
O1,SHM + stream (sigma 20),800,0.05,1599,4.953e+08,1.9742e+05,2508.9
O1,SHM + stream (sigma 20),800,0.2,1599,4.4928e+08,1.9348e+05,2322.1
O1,monochromatic stream,900,1,1751.1,1.6307e+11,1.3797e+08,1181.9
O1,SHM + stream (sigma 20),900,0.01,1992.4,5.0735e+08,1.9828e+05,2558.8
O1,SHM + stream (sigma 20),900,0.05,1992.4,4.9417e+08,1.9646e+05,2515.3
O1,SHM + stream (sigma 20),900,0.2,1992.4,4.4475e+08,1.8965e+05,2345.1
O1,monochromatic stream,1000,1,2161.9,1.6307e+11,1.3797e+08,1181.9
O1,SHM + stream (sigma 20),1000,0.01,2429.1,5.0716e+08,1.9812e+05,2559.8
O1,SHM + stream (sigma 20),1000,0.05,2429.1,4.9326e+08,1.9569e+05,2520.6
O1,SHM + stream (sigma 20),1000,0.2,2429.1,4.4113e+08,1.8658e+05,2364.3
O4,SHM (16 June),,0,1418.4,475.36,17.704,26.85
O4,monochromatic stream,300,1,194.57,1.5289e+05,0,inf
O4,SHM + stream (sigma 20),300,0.01,280.18,475.7,17.589,27.045
O4,SHM + stream (sigma 20),300,0.05,280.18,477.07,17.13,27.85
O4,SHM + stream (sigma 20),300,0.2,280.18,482.21,15.408,31.296
O4,monochromatic stream,500,1,540.48,1.5289e+05,13096,11.675
O4,SHM + stream (sigma 20),500,0.01,677.98,473.66,17.789,26.626
O4,SHM + stream (sigma 20),500,0.05,677.98,466.88,18.129,25.754
O4,SHM + stream (sigma 20),500,0.2,677.98,441.44,19.402,22.753
O4,monochromatic stream,555,1,665.92,1.5289e+05,13096,11.675
O4,SHM + stream (sigma 20),555,0.01,817.69,473.36,17.763,26.648
O4,SHM + stream (sigma 20),555,0.05,817.69,465.36,17.999,25.855
O4,SHM + stream (sigma 20),555,0.2,817.69,435.38,18.883,23.057
O4,monochromatic stream,600,1,778.29,1.5289e+05,13096,11.675
O4,SHM + stream (sigma 20),600,0.01,941.73,473.15,17.745,26.663
O4,SHM + stream (sigma 20),600,0.05,941.73,464.33,17.91,25.925
O4,SHM + stream (sigma 20),600,0.2,941.73,431.25,18.529,23.275
O4,monochromatic stream,700,1,1059.3,1.5289e+05,13096,11.675
O4,SHM + stream (sigma 20),700,0.01,1248.7,472.79,17.714,26.69
O4,SHM + stream (sigma 20),700,0.05,1248.7,462.51,17.754,26.05
O4,SHM + stream (sigma 20),700,0.2,1248.7,423.97,17.905,23.679
O4,monochromatic stream,800,1,1383.6,1.5289e+05,13096,11.675
O4,SHM + stream (sigma 20),800,0.01,1599,472.51,17.691,26.709
O4,SHM + stream (sigma 20),800,0.05,1599,461.14,17.637,26.146
O4,SHM + stream (sigma 20),800,0.2,1599,418.51,17.437,24.001
O4,monochromatic stream,900,1,1751.1,1.5289e+05,13096,11.675
O4,SHM + stream (sigma 20),900,0.01,1992.4,472.3,17.673,26.725
O4,SHM + stream (sigma 20),900,0.05,1992.4,460.08,17.547,26.221
O4,SHM + stream (sigma 20),900,0.2,1992.4,414.26,17.074,24.263
O4,monochromatic stream,1000,1,2161.9,1.5289e+05,13096,11.675
O4,SHM + stream (sigma 20),1000,0.01,2429.1,472.13,17.658,26.737
O4,SHM + stream (sigma 20),1000,0.05,2429.1,459.23,17.474,26.281
O4,SHM + stream (sigma 20),1000,0.2,2429.1,410.86,16.782,24.482
O6,SHM (16 June),,0,1418.4,0.018561,0.044087,0.421
O6,monochromatic stream,300,1,194.57,6.3255,0,inf
O6,SHM + stream (sigma 20),300,0.01,280.18,0.018586,0.043781,0.42451
O6,SHM + stream (sigma 20),300,0.05,280.18,0.018687,0.042558,0.43909
O6,SHM + stream (sigma 20),300,0.2,280.18,0.019065,0.037972,0.50209
O6,monochromatic stream,500,1,540.48,6.3255,33.137,0.19089
O6,SHM + stream (sigma 20),500,0.01,677.98,0.018501,0.044309,0.41756
O6,SHM + stream (sigma 20),500,0.05,677.98,0.018265,0.045196,0.40413
O6,SHM + stream (sigma 20),500,0.2,677.98,0.017379,0.048524,0.35814
O6,monochromatic stream,555,1,665.92,6.3255,33.137,0.19089
O6,SHM + stream (sigma 20),555,0.01,817.69,0.018489,0.044243,0.41789
O6,SHM + stream (sigma 20),555,0.05,817.69,0.018202,0.044868,0.40569
O6,SHM + stream (sigma 20),555,0.2,817.69,0.017128,0.047211,0.3628
O6,monochromatic stream,600,1,778.29,6.3255,33.137,0.19089
O6,SHM + stream (sigma 20),600,0.01,941.73,0.01848,0.044198,0.41812
O6,SHM + stream (sigma 20),600,0.05,941.73,0.01816,0.044644,0.40676
O6,SHM + stream (sigma 20),600,0.2,941.73,0.016957,0.046315,0.36612
O6,monochromatic stream,700,1,1059.3,6.3255,33.137,0.19089
O6,SHM + stream (sigma 20),700,0.01,1248.7,0.018465,0.044119,0.41853
O6,SHM + stream (sigma 20),700,0.05,1248.7,0.018084,0.04425,0.40869
O6,SHM + stream (sigma 20),700,0.2,1248.7,0.016656,0.044737,0.3723
O6,monochromatic stream,800,1,1383.6,6.3255,33.137,0.19089
O6,SHM + stream (sigma 20),800,0.01,1599,0.018454,0.04406,0.41883
O6,SHM + stream (sigma 20),800,0.05,1599,0.018028,0.043954,0.41016
O6,SHM + stream (sigma 20),800,0.2,1599,0.01643,0.043554,0.37723
O6,monochromatic stream,900,1,1751.1,6.3255,33.137,0.19089
O6,SHM + stream (sigma 20),900,0.01,1992.4,0.018445,0.044014,0.41907
O6,SHM + stream (sigma 20),900,0.05,1992.4,0.017984,0.043724,0.41131
O6,SHM + stream (sigma 20),900,0.2,1992.4,0.016254,0.042633,0.38125
O6,monochromatic stream,1000,1,2161.9,6.3255,33.137,0.19089
O6,SHM + stream (sigma 20),1000,0.01,2429.1,0.018438,0.043977,0.41926
O6,SHM + stream (sigma 20),1000,0.05,2429.1,0.017949,0.043539,0.41224
O6,SHM + stream (sigma 20),1000,0.2,2429.1,0.016114,0.041897,0.3846
O10,SHM (16 June),,0,1418.4,8.1252,2.7485,2.9563
O10,monochromatic stream,300,1,194.57,2715.7,0,inf
O10,SHM + stream (sigma 20),300,0.01,280.18,8.1345,2.73,2.9797
O10,SHM + stream (sigma 20),300,0.05,280.18,8.1716,2.6561,3.0766
O10,SHM + stream (sigma 20),300,0.2,280.18,8.3107,2.3789,3.4935
O10,monochromatic stream,500,1,540.48,2715.7,2050.8,1.3242
O10,SHM + stream (sigma 20),500,0.01,677.98,8.0983,2.762,2.932
O10,SHM + stream (sigma 20),500,0.05,677.98,7.9905,2.8161,2.8374
O10,SHM + stream (sigma 20),500,0.2,677.98,7.5865,3.0191,2.5128
O10,monochromatic stream,555,1,665.92,2715.7,2050.8,1.3242
O10,SHM + stream (sigma 20),555,0.01,817.69,8.0929,2.7579,2.9344
O10,SHM + stream (sigma 20),555,0.05,817.69,7.9636,2.7958,2.8484
O10,SHM + stream (sigma 20),555,0.2,817.69,7.4788,2.9378,2.5457
O10,monochromatic stream,600,1,778.29,2715.7,2050.8,1.3242
O10,SHM + stream (sigma 20),600,0.01,941.73,8.0892,2.7552,2.936
O10,SHM + stream (sigma 20),600,0.05,941.73,7.9453,2.7819,2.856
O10,SHM + stream (sigma 20),600,0.2,941.73,7.4054,2.8824,2.5692
O10,monochromatic stream,700,1,1059.3,2715.7,2050.8,1.3242
O10,SHM + stream (sigma 20),700,0.01,1248.7,8.0828,2.7503,2.9389
O10,SHM + stream (sigma 20),700,0.05,1248.7,7.9129,2.7575,2.8696
O10,SHM + stream (sigma 20),700,0.2,1248.7,7.2761,2.7847,2.6129
O10,monochromatic stream,800,1,1383.6,2715.7,2050.8,1.3242
O10,SHM + stream (sigma 20),800,0.01,1599,8.0779,2.7466,2.941
O10,SHM + stream (sigma 20),800,0.05,1599,7.8887,2.7392,2.8799
O10,SHM + stream (sigma 20),800,0.2,1599,7.1791,2.7115,2.6477
O10,monochromatic stream,900,1,1751.1,2715.7,2050.8,1.3242
O10,SHM + stream (sigma 20),900,0.01,1992.4,8.0741,2.7438,2.9427
O10,SHM + stream (sigma 20),900,0.05,1992.4,7.8698,2.725,2.888
O10,SHM + stream (sigma 20),900,0.2,1992.4,7.1037,2.6545,2.6761
O10,monochromatic stream,1000,1,2161.9,2715.7,2050.8,1.3242
O10,SHM + stream (sigma 20),1000,0.01,2429.1,8.0711,2.7415,2.9441
O10,SHM + stream (sigma 20),1000,0.05,2429.1,7.8547,2.7136,2.8946
O10,SHM + stream (sigma 20),1000,0.2,2429.1,7.0433,2.6089,2.6997
