case,A,abundance,J,R_win_per_tyr,f_win,R_roi_per_tyr,f_roi,dRdE_248,f_248,f_win_per_abundance
O1_el,128,0.0191,0,1003.1,0.026176,1.0045e+07,0.018832,15.387,0.03253,1.3704
O1_el,129,0.26401,0.5,15411,0.40216,1.3901e+08,0.2606,231.58,0.4896,1.5233
O1_el,130,0.04071,0,1693.6,0.044196,2.1651e+07,0.040589,22.893,0.048401,1.0856
O1_el,131,0.21232,1.5,8895,0.23212,1.1307e+08,0.21198,111.07,0.23483,1.0933
O1_el,132,0.26909,0,7584.3,0.19792,1.4467e+08,0.27121,75.07,0.15871,0.7355
O1_el,134,0.10436,0,2528,0.065971,5.6398e+07,0.10573,16.994,0.035928,0.63215
O1_el,136,0.08857,0,1205.8,0.031465,4.8578e+07,0.091069,0,0,0.35526
O4,128,0.0191,0,0,0,0,0,0,0,0
O4,129,0.26401,0.5,4.832,0.50956,363.59,0.54522,0.10467,0.5199,1.9301
O4,130,0.04071,0,0,0,0,0,0,0,0
O4,131,0.21232,1.5,4.6506,0.49044,303.28,0.45478,0.096656,0.4801,2.3099
O4,132,0.26909,0,0,0,0,0,0,0,0
O4,134,0.10436,0,0,0,0,0,0,0,0
O4,136,0.08857,0,0,0,0,0,0,0,0
O6,128,0.0191,0,0,0,0,0,0,0,0
O6,129,0.26401,0.5,0.011186,0.3973,0.049813,0.27015,0.00024457,0.40196,1.5049
O6,130,0.04071,0,0,0,0,0,0,0,0
O6,131,0.21232,1.5,0.01697,0.6027,0.13458,0.72985,0.00036387,0.59804,2.8387
O6,132,0.26909,0,0,0,0,0,0,0,0
O6,134,0.10436,0,0,0,0,0,0,0,0
O6,136,0.08857,0,0,0,0,0,0,0,0
O10,128,0.0191,0,0,0,0,0,0,0,0
O10,129,0.26401,0.5,0.65344,0.39976,8.185,0.31187,0.014234,0.40566,1.5142
O10,130,0.04071,0,0,0,0,0,0,0,0
O10,131,0.21232,1.5,0.98115,0.60024,18.06,0.68813,0.020855,0.59434,2.8271
O10,132,0.26909,0,0,0,0,0,0,0,0
O10,134,0.10436,0,0,0,0,0,0,0,0
O10,136,0.08857,0,0,0,0,0,0,0,0
L10,128,0.0191,0,0,0,0,0,0,0,0
L10,129,0.26401,0.5,0.010927,0.68776,0.03112,0.42783,0.00024222,0.70015,2.6051
L10,130,0.04071,0,0,0,0,0,0,0,0
L10,131,0.21232,1.5,0.004961,0.31224,0.041619,0.57217,0.00010374,0.29985,1.4706
L10,132,0.26909,0,0,0,0,0,0,0,0
L10,134,0.10436,0,0,0,0,0,0,0,0
L10,136,0.08857,0,0,0,0,0,0,0,0
O1_d300_jun,128,0.0191,0,6.5421,0.022581,84.06,0.012286,0.10869,0.028467,1.1822
O1_d300_jun,129,0.26401,0.5,106.83,0.36874,1532.8,0.22404,1.7543,0.45946,1.3967
O1_d300_jun,130,0.04071,0,12.345,0.042609,221.49,0.032373,0.18146,0.047524,1.0467
O1_d300_jun,131,0.21232,1.5,68.358,0.23595,1468.9,0.2147,0.94166,0.24662,1.1113
O1_d300_jun,132,0.26909,0,60.913,0.21025,1749.6,0.25572,0.66467,0.17408,0.78132
O1_d300_jun,134,0.10436,0,22.613,0.078052,941.39,0.13759,0.1674,0.043843,0.74791
O1_d300_jun,136,0.08857,0,12.117,0.041824,843.6,0.1233,0,0,0.47221
O1_d350_jun,128,0.0191,0,0.53697,0.017528,1.9341,0.0086649,0.0099343,0.023092,0.91771
O1_d350_jun,129,0.26401,0.5,9.7039,0.31677,39.552,0.17719,0.17596,0.40901,1.1998
O1_d350_jun,130,0.04071,0,1.2253,0.039998,6.2609,0.028049,0.020158,0.046856,0.98251
O1_d350_jun,131,0.21232,1.5,7.3275,0.23919,45.399,0.20339,0.11287,0.26236,1.1266
O1_d350_jun,132,0.26909,0,7.0192,0.22913,57.98,0.25975,0.086911,0.20202,0.85149
O1_d350_jun,134,0.10436,0,2.9883,0.097546,36,0.16128,0.024376,0.056662,0.9347
O1_d350_jun,136,0.08857,0,1.8333,0.059844,36.085,0.16166,0,0,0.67566
O1_d366_jun,128,0.0191,0,0.079535,0.010802,0.10872,0.0045257,0.0018083,0.016348,0.56555
O1_d366_jun,129,0.26401,0.5,1.7757,0.24116,2.8516,0.11871,0.037868,0.34235,0.91345
O1_d366_jun,130,0.04071,0,0.26062,0.035396,0.51886,0.021599,0.0049614,0.044855,0.86947
O1_d366_jun,131,0.21232,1.5,1.76,0.23904,4.3351,0.18046,0.031016,0.28041,1.1258
O1_d366_jun,132,0.26909,0,1.8666,0.25352,6.0693,0.25265,0.02619,0.23677,0.94212
O1_d366_jun,134,0.10436,0,0.94249,0.128,4.7132,0.1962,0.0087676,0.079265,1.2266
O1_d366_jun,136,0.08857,0,0.678,0.092083,5.4259,0.22587,0,0,1.0397
O1_d380_jun,128,0.0191,0,0.00010539,0.00019296,8.0996e-05,9.9169e-05,0,0,0.010103
O1_d380_jun,129,0.26401,0.5,0.013674,0.025038,0.011793,0.014438,0.0004697,0.052192,0.094838
O1_d380_jun,130,0.04071,0,0.0053759,0.0098434,0.0048545,0.0059436,0.00023775,0.026418,0.24179
O1_d380_jun,131,0.21232,1.5,0.074816,0.13699,0.070766,0.086643,0.0028302,0.31448,0.64521
O1_d380_jun,132,0.26909,0,0.13752,0.2518,0.14022,0.17168,0.0035513,0.39461,0.93574
O1_d380_jun,134,0.10436,0,0.14718,0.26949,0.21668,0.26529,0.0019106,0.2123,2.5823
O1_d380_jun,136,0.08857,0,0.16747,0.30665,0.37235,0.4559,0,0,3.4622
O1_d300_ann,128,0.0191,0,4.4487,0.022055,52.779,0.011937,0.07417,0.027899,1.1547
O1_d300_ann,129,0.26401,0.5,73.327,0.36352,970.46,0.21949,1.2095,0.45495,1.3769
O1_d300_ann,130,0.04071,0,8.5453,0.042364,141.5,0.032003,0.12602,0.047402,1.0406
O1_d300_ann,131,0.21232,1.5,47.7,0.23648,944.38,0.21359,0.66004,0.24828,1.1138
O1_d300_ann,132,0.26909,0,42.817,0.21227,1134.2,0.25652,0.46898,0.17641,0.78883
O1_d300_ann,134,0.10436,0,16.122,0.079928,617.8,0.13973,0.11982,0.045072,0.76589
O1_d300_ann,136,0.08857,0,8.7522,0.043389,560.35,0.12673,0,0,0.48989
O1_d350_ann,128,0.0191,0,0.15534,0.013264,0.30669,0.0056972,0.00314,0.018588,0.69447
O1_d350_ann,129,0.26401,0.5,3.1533,0.26926,7.264,0.13494,0.061797,0.36582,1.0199
O1_d350_ann,130,0.04071,0,0.4365,0.037273,1.2644,0.023488,0.0077215,0.04571,0.91557
O1_d350_ann,131,0.21232,1.5,2.8134,0.24024,10.143,0.18842,0.046499,0.27526,1.1315
O1_d350_ann,132,0.26909,0,2.8726,0.24529,13.874,0.25773,0.038093,0.2255,0.91156
O1_d350_ann,134,0.10436,0,1.3639,0.11646,9.9579,0.18498,0.011676,0.069119,1.116
O1_d350_ann,136,0.08857,0,0.91591,0.07821,11.021,0.20474,0,0,0.88304
O1_d366_ann,128,0.0191,0,0.00041699,0.00047849,0.000352,0.00022373,5.4114e-06,0.00040302,0.025052
O1_d366_ann,129,0.26401,0.5,0.037037,0.0425,0.03334,0.021191,0.0013768,0.10254,0.16098
O1_d366_ann,130,0.04071,0,0.012748,0.014628,0.011808,0.0075052,0.00042414,0.031589,0.35933
O1_d366_ann,131,0.21232,1.5,0.15467,0.17748,0.15787,0.10035,0.0042683,0.31789,0.83591
O1_d366_ann,132,0.26909,0,0.24513,0.28128,0.29821,0.18954,0.0049209,0.3665,1.0453
O1_d366_ann,134,0.10436,0,0.20957,0.24048,0.40977,0.26045,0.0024313,0.18108,2.3044
O1_d366_ann,136,0.08857,0,0.2119,0.24315,0.66195,0.42074,0,0,2.7453
