delta_keV,E_R_keV,dRdE_unit_annual_per_kgI_day_keV,dRdE_unit_june16_per_kgI_day_keV,dRdE_bestfit_annual_cpd_kgNaI_keVnr
300,93.704,0,0,0
300,101.273,1.00264e-07,4.39161e-07,6.2579e-12
300,108.841,1.72741e-08,5.11683e-08,1.07815e-12
300,116.410,7.71833e-07,1.79679e-06,4.81733e-11
300,123.979,5.93925e-06,1.18135e-05,3.70694e-10
300,131.548,1.7628e-05,3.18123e-05,1.10023e-09
300,139.116,3.56658e-05,6.0158e-05,2.22605e-09
300,146.685,5.76214e-05,9.25824e-05,3.59639e-09
300,154.254,7.76104e-05,0.000120808,4.84399e-09
300,161.823,9.62426e-05,0.000145749,6.00691e-09
300,169.391,0.00010619,0.000158026,6.62779e-09
300,176.960,0.000111576,0.000163413,6.96396e-09
300,184.529,0.000109657,0.00015872,6.84413e-09
300,192.097,0.000103826,0.000148634,6.48019e-09
300,199.666,9.27128e-05,0.000131695,5.78659e-09
300,207.235,7.99902e-05,0.000112782,4.99252e-09
300,214.804,6.51137e-05,9.13708e-05,4.06402e-09
300,222.372,5.09899e-05,7.12221e-05,3.1825e-09
300,229.941,3.7359e-05,5.20651e-05,2.33173e-09
300,237.510,2.59216e-05,3.60453e-05,1.61788e-09
300,245.078,1.67461e-05,2.32354e-05,1.0452e-09
300,252.647,9.76742e-06,1.35232e-05,6.09626e-10
300,260.216,4.72174e-06,6.53733e-06,2.94704e-10
300,267.785,1.61681e-06,2.23851e-06,1.00912e-10
300,275.353,8.74633e-08,1.21095e-07,5.45895e-12
300,282.922,0,0,0
300,290.491,3.63985e-07,5.05032e-07,2.27178e-11
300,298.060,1.53917e-06,2.13562e-06,9.60664e-11
300,305.628,3.00492e-06,4.17848e-06,1.8755e-10
300,313.197,4.55813e-06,6.3524e-06,2.84492e-10
300,320.766,6.04374e-06,8.44182e-06,3.77215e-10
300,328.334,7.35505e-06,1.0297e-05,4.59059e-10
300,335.903,8.42578e-06,1.18235e-05,5.25888e-10
300,343.472,9.2223e-06,1.29718e-05,5.75603e-10
300,351.041,9.51842e-06,1.34532e-05,5.94085e-10
300,358.609,9.75338e-06,1.38195e-05,6.0875e-10
300,366.178,9.52268e-06,1.35612e-05,5.9435e-10
300,373.747,9.09079e-06,1.30141e-05,5.67395e-10
300,381.315,8.71058e-06,1.25034e-05,5.43664e-10
300,388.884,8.00403e-06,1.15526e-05,4.99565e-10
300,396.453,7.22958e-06,1.04944e-05,4.51229e-10
300,404.022,6.42434e-06,9.3806e-06,4.0097e-10
300,411.590,5.61931e-06,8.25534e-06,3.50725e-10
300,419.159,4.83926e-06,7.15446e-06,3.02039e-10
300,426.728,4.103e-06,6.10583e-06,2.56085e-10
300,434.297,3.42381e-06,5.12987e-06,2.13694e-10
300,441.865,2.81018e-06,4.24029e-06,1.75395e-10
300,449.434,2.20448e-06,3.36348e-06,1.37591e-10
300,457.003,1.74367e-06,2.68115e-06,1.0883e-10
300,464.571,1.35059e-06,2.09358e-06,8.42958e-11
300,472.140,9.91686e-07,1.55697e-06,6.18953e-11
300,479.709,7.29205e-07,1.15517e-06,4.55127e-11
300,487.278,5.18617e-07,8.29273e-07,3.23691e-11
300,494.846,3.42565e-07,5.55924e-07,2.13809e-11
300,502.415,2.20838e-07,3.62133e-07,1.37834e-11
300,509.984,1.27031e-07,2.11779e-07,7.92853e-12
300,517.552,6.62847e-08,1.11803e-07,4.13711e-12
300,525.121,2.53787e-08,4.3609e-08,1.58399e-12
300,532.690,2.48068e-09,4.31905e-09,1.5483e-13
300,540.259,0,0,0
300,547.827,0,0,0
300,555.396,0,0,0
300,562.965,0,0,0
300,570.533,7.1005e-09,1.37141e-08,4.43172e-13
300,578.102,1.52493e-08,3.00281e-08,9.51775e-13
300,585.671,2.18623e-08,4.44063e-08,1.36452e-12
300,593.240,2.67791e-08,5.62509e-08,1.67139e-12
300,600.808,3.1508e-08,6.77845e-08,1.96655e-12
300,608.377,3.29346e-08,7.36067e-08,2.05559e-12
300,615.946,3.26993e-08,7.61223e-08,2.0409e-12
300,623.515,3.31669e-08,7.94408e-08,2.07008e-12
300,631.083,3.05602e-08,7.64905e-08,1.90739e-12
300,638.652,2.72928e-08,7.1399e-08,1.70346e-12
300,646.221,2.54611e-08,6.86383e-08,1.58914e-12
300,653.789,2.15212e-08,6.07385e-08,1.34323e-12
300,661.358,1.76328e-08,5.22308e-08,1.10053e-12
300,668.927,1.39524e-08,4.35764e-08,8.70829e-13
300,676.496,1.17822e-08,3.81778e-08,7.35376e-13
300,684.064,8.74559e-09,2.9968e-08,5.45849e-13
300,691.633,6.16269e-09,2.25468e-08,3.84639e-13
300,699.202,4.70511e-09,1.80973e-08,2.93666e-13
300,706.770,2.95957e-09,1.2334e-08,1.84719e-13
300,714.339,1.71137e-09,7.70857e-09,1.06814e-13
300,721.908,8.39303e-10,4.2232e-09,5.23844e-14
300,729.477,4.4758e-10,2.48677e-09,2.79354e-14
300,737.045,1.33294e-10,8.03797e-10,8.31945e-15
300,744.614,1.03423e-11,6.31177e-11,6.45509e-16
300,752.183,0,0,0
300,759.752,0,0,0
300,767.320,0,0,0
350,162.531,0,0,0
350,167.471,1.99811e-09,1.21941e-08,6.39331e-12
350,172.410,5.40046e-08,3.15328e-07,1.72798e-10
350,177.349,1.70321e-07,8.21753e-07,5.44975e-10
350,182.289,4.16287e-07,1.73487e-06,1.33199e-09
350,187.228,6.88155e-07,2.57994e-06,2.20188e-09
350,192.167,9.0203e-07,3.15507e-06,2.88621e-09
350,197.107,1.11119e-06,3.66715e-06,3.55546e-09
350,202.046,1.43411e-06,4.39882e-06,4.5887e-09
350,206.985,1.48066e-06,4.38594e-06,4.73765e-09
350,211.925,1.61395e-06,4.555e-06,5.16414e-09
350,216.864,1.57988e-06,4.32455e-06,5.05512e-09
350,221.803,1.62229e-06,4.24397e-06,5.1908e-09
350,226.743,1.50971e-06,3.83502e-06,4.83059e-09
350,231.682,1.36958e-06,3.3777e-06,4.38223e-09
350,236.621,1.13266e-06,2.75267e-06,3.62415e-09
350,241.561,9.67396e-07,2.28408e-06,3.09536e-09
350,246.500,7.47103e-07,1.73922e-06,2.39049e-09
350,251.439,5.50195e-07,1.26318e-06,1.76045e-09
350,256.379,3.79894e-07,8.60413e-07,1.21554e-09
350,261.318,2.38588e-07,5.33229e-07,7.63406e-10
350,266.257,1.27842e-07,2.82025e-07,4.09053e-10
350,271.197,4.84195e-08,1.05467e-07,1.54927e-10
350,276.136,3.3207e-10,7.14395e-10,1.06252e-12
350,281.075,0,0,0
350,286.015,0,0,0
350,290.954,3.08138e-08,6.5494e-08,9.85945e-11
350,295.893,8.45802e-08,1.79773e-07,2.7063e-10
350,300.833,1.59574e-07,3.35193e-07,5.10585e-10
350,305.772,2.3907e-07,5.02179e-07,7.64947e-10
350,310.711,3.23579e-07,6.79697e-07,1.03535e-09
350,315.651,4.09619e-07,8.60428e-07,1.31065e-09
350,320.590,4.94261e-07,1.03822e-06,1.58148e-09
350,325.529,5.75099e-07,1.20803e-06,1.84014e-09
350,330.468,6.50215e-07,1.36581e-06,2.08048e-09
350,335.408,6.81265e-07,1.44801e-06,2.17983e-09
350,340.347,7.37843e-07,1.56826e-06,2.36086e-09
350,345.286,7.85887e-07,1.67038e-06,2.51459e-09
350,350.226,7.81886e-07,1.6821e-06,2.50179e-09
350,355.165,8.1038e-07,1.7434e-06,2.59296e-09
350,360.104,7.86176e-07,1.71244e-06,2.51551e-09
350,365.044,7.9729e-07,1.73665e-06,2.55108e-09
350,369.983,7.57546e-07,1.67118e-06,2.42391e-09
350,374.922,7.12774e-07,1.593e-06,2.28065e-09
350,379.862,7.0409e-07,1.5736e-06,2.25286e-09
350,384.801,6.51397e-07,1.47534e-06,2.08427e-09
350,389.740,5.97628e-07,1.37208e-06,1.91222e-09
350,394.680,5.77594e-07,1.32609e-06,1.84812e-09
350,399.619,5.22152e-07,1.21554e-06,1.67072e-09
350,404.558,4.68435e-07,1.106e-06,1.49884e-09
350,409.498,4.17092e-07,9.99013e-07,1.33456e-09
350,414.437,3.68619e-07,8.95843e-07,1.17946e-09
350,419.376,3.23371e-07,7.97506e-07,1.03468e-09
350,424.316,2.81578e-07,7.04773e-07,9.0096e-10
350,429.255,2.43362e-07,6.18196e-07,7.7868e-10
350,434.194,2.08749e-07,5.38132e-07,6.67931e-10
350,439.134,1.77661e-07,4.64768e-07,5.68457e-10
350,444.073,1.49938e-07,3.98139e-07,4.79755e-10
350,449.012,1.25438e-07,3.38158e-07,4.01363e-10
350,453.952,1.03985e-07,2.84633e-07,3.32718e-10
350,458.891,8.53729e-08,2.37293e-07,2.73166e-10
350,463.830,6.93761e-08,1.95797e-07,2.21981e-10
350,468.770,5.13676e-08,1.49641e-07,1.6436e-10
350,473.709,4.06409e-08,1.20384e-07,1.30038e-10
350,478.648,3.17002e-08,9.55298e-08,1.01431e-10
350,483.588,2.43371e-08,7.46488e-08,7.78711e-11
350,488.527,1.83516e-08,5.7316e-08,5.87193e-11
350,493.466,1.22934e-08,3.98343e-08,3.93351e-11
350,498.406,8.83631e-09,2.91616e-08,2.82734e-11
350,503.345,6.16374e-09,2.07173e-08,1.9722e-11
350,508.284,4.13454e-09,1.41676e-08,1.32292e-11
350,513.224,2.33841e-09,8.35963e-09,7.48218e-12
350,518.163,1.37295e-09,5.02308e-09,4.39301e-12
350,523.102,7.12753e-10,2.67216e-09,2.28058e-12
350,528.042,2.47702e-10,9.78366e-10,7.92568e-13
350,532.981,2.78884e-11,1.13169e-10,8.92341e-14
350,537.920,0,0,0
350,542.860,0,0,0
350,547.799,0,0,0
350,552.738,0,0,0
350,557.677,0,0,0
350,562.617,0,0,0
350,567.556,9.46068e-12,5.52401e-11,3.02712e-14
350,572.495,1.59126e-11,9.56646e-11,5.09153e-14
350,577.435,9.9454e-12,6.0067e-11,3.18221e-14
350,582.374,6.72692e-12,4.07485e-11,2.1524e-14
350,587.313,1.76421e-13,1.10984e-12,5.64491e-16
350,592.253,0,0,0
350,597.192,0,0,0
350,602.131,0,0,0
366,201.389,0,0,0
366,205.097,0,0,0
366,208.805,2.98397e-09,1.80755e-08,1.16368e-10
366,212.513,9.76589e-09,5.88908e-08,3.80847e-10
366,216.221,1.94934e-08,1.1382e-07,7.60197e-10
366,219.929,3.31284e-08,1.74805e-07,1.29193e-09
366,223.637,4.87054e-08,2.3499e-07,1.8994e-09
366,227.345,5.21035e-08,2.42324e-07,2.03191e-09
366,231.053,6.52306e-08,2.85713e-07,2.54384e-09
366,234.761,7.61266e-08,3.17257e-07,2.96876e-09
366,238.468,7.29212e-08,2.95907e-07,2.84375e-09
366,242.176,6.81338e-08,2.69113e-07,2.65706e-09
366,245.884,7.0984e-08,2.66124e-07,2.76821e-09
366,249.592,6.20394e-08,2.26977e-07,2.41939e-09
366,253.300,5.22246e-08,1.86699e-07,2.03664e-09
366,257.008,4.19724e-08,1.46809e-07,1.63682e-09
366,260.716,3.17493e-08,1.08794e-07,1.23815e-09
366,264.424,2.20381e-08,7.40733e-08,8.59432e-10
366,268.132,1.33228e-08,4.3968e-08,5.19559e-10
366,271.840,5.49134e-09,1.81225e-08,2.1415e-10
366,275.548,6.39044e-10,2.07069e-09,2.49212e-11
366,279.256,0,0,0
366,282.964,0,0,0
366,286.672,0,0,0
366,290.380,4.22198e-09,1.31862e-08,1.64647e-10
366,294.088,1.14068e-08,3.49879e-08,4.44839e-10
366,297.796,1.9688e-08,6.03886e-08,7.67784e-10
366,301.504,2.91134e-08,8.92991e-08,1.13535e-09
366,305.212,3.93567e-08,1.20718e-07,1.53482e-09
366,308.920,5.48061e-08,1.6516e-07,2.13731e-09
366,312.628,6.68646e-08,2.01499e-07,2.60756e-09
366,316.336,7.89559e-08,2.37937e-07,3.07909e-09
366,320.044,9.08591e-08,2.73808e-07,3.54329e-09
366,323.751,1.02384e-07,3.0854e-07,3.99275e-09
366,327.459,1.13371e-07,3.41649e-07,4.42121e-09
366,331.167,1.23686e-07,3.72733e-07,4.82346e-09
366,334.875,1.33221e-07,4.01466e-07,5.19529e-09
366,338.583,1.41891e-07,4.27593e-07,5.5334e-09
366,342.291,1.49633e-07,4.50925e-07,5.83532e-09
366,345.999,1.56403e-07,4.71328e-07,6.09936e-09
366,349.707,1.62176e-07,4.88725e-07,6.32449e-09
366,353.415,1.52678e-07,4.68307e-07,5.95408e-09
366,357.123,1.56117e-07,4.78854e-07,6.08818e-09
366,360.831,1.5865e-07,4.86625e-07,6.18699e-09
366,364.539,1.60303e-07,4.91694e-07,6.25142e-09
366,368.247,1.46938e-07,4.58918e-07,5.73022e-09
366,371.955,1.4693e-07,4.58894e-07,5.72993e-09
366,375.663,1.32992e-07,4.23054e-07,5.18638e-09
366,379.371,1.31753e-07,4.19114e-07,5.13807e-09
366,383.079,1.29962e-07,4.13415e-07,5.06821e-09
366,386.787,1.15785e-07,3.75178e-07,4.51535e-09
366,390.495,1.13282e-07,3.67066e-07,4.41771e-09
366,394.203,9.98524e-08,3.29533e-07,3.89401e-09
366,397.911,9.69473e-08,3.19945e-07,3.78072e-09
366,401.619,8.45522e-08,2.84193e-07,3.29734e-09
366,405.327,8.14931e-08,2.73911e-07,3.17804e-09
366,409.034,7.02526e-08,2.40731e-07,2.73968e-09
366,412.742,6.72303e-08,2.30375e-07,2.62182e-09
366,416.450,5.72639e-08,2.00294e-07,2.23316e-09
366,420.158,4.83438e-08,1.72825e-07,1.88529e-09
366,423.866,4.57769e-08,1.63649e-07,1.78519e-09
366,427.574,3.81517e-08,1.39582e-07,1.48783e-09
366,431.282,3.14862e-08,1.18044e-07,1.22789e-09
366,434.990,2.94927e-08,1.1057e-07,1.15015e-09
366,438.698,2.40004e-08,9.23128e-08,9.35958e-10
366,442.406,1.932e-08,7.63097e-08,7.53436e-10
366,446.114,1.78883e-08,7.06544e-08,6.976e-10
366,449.822,1.41802e-08,5.75421e-08,5.52996e-10
366,453.530,1.11112e-08,4.63059e-08,4.3331e-10
366,457.238,8.60636e-09,3.67743e-08,3.35628e-10
366,460.946,7.82849e-09,3.34506e-08,3.05293e-10
366,464.654,5.9461e-09,2.60442e-08,2.31884e-10
366,468.362,4.42612e-09,1.99367e-08,1.72608e-10
366,472.070,3.21858e-09,1.4969e-08,1.25517e-10
366,475.778,2.27795e-09,1.09905e-08,8.88348e-11
366,479.486,2.01184e-09,9.70654e-09,7.84568e-11
366,483.194,1.36914e-09,6.88924e-09,5.33934e-11
366,486.902,8.97194e-10,4.73411e-09,3.49885e-11
366,490.610,5.62775e-10,3.12679e-09,2.19469e-11
366,494.317,3.36449e-10,1.9645e-09,1.31207e-11
366,498.025,1.92286e-10,1.156e-09,7.49871e-12
366,501.733,1.03054e-10,6.21443e-10,4.01887e-12
366,505.441,8.3877e-11,5.058e-10,3.271e-12
366,509.149,3.84928e-11,2.32484e-10,1.50113e-12
366,512.857,1.39832e-11,8.47038e-11,5.45314e-13
366,516.565,3.11655e-12,1.90198e-11,1.21538e-13
366,520.273,1.45655e-13,9.16296e-13,5.68022e-15
366,523.981,0,0,0
366,527.689,0,0,0
366,531.397,0,0,0
380,260.507,0,0,0
380,262.556,0,0,0
380,264.605,1.76093e-12,1.10777e-11,2.18097e-12
380,266.653,1.28209e-12,8.06541e-12,1.58791e-12
380,268.702,1.33139e-11,8.12527e-11,1.64897e-11
380,270.750,2.7932e-11,1.69199e-10,3.45948e-11
380,272.799,1.47837e-11,8.95523e-11,1.83101e-11
380,274.848,4.85611e-12,2.9416e-11,6.01446e-12
380,276.896,0,0,0
380,278.945,0,0,0
380,280.993,0,0,0
380,283.042,0,0,0
380,285.091,0,0,0
380,287.139,3.53317e-12,2.1241e-11,4.37596e-12
380,289.188,4.11777e-11,2.47555e-10,5.1e-11
380,291.236,8.78103e-11,5.27904e-10,1.08756e-10
380,293.285,2.09565e-10,1.22363e-09,2.59553e-10
380,295.334,3.00266e-10,1.75323e-09,3.7189e-10
380,297.382,3.99958e-10,2.33532e-09,4.95362e-10
380,299.431,7.22675e-10,4.0152e-09,8.95058e-10
380,301.479,8.84902e-10,4.91654e-09,1.09598e-09
380,303.528,1.05473e-09,5.86013e-09,1.30632e-09
380,305.577,1.23062e-09,6.83737e-09,1.52417e-09
380,307.625,1.41111e-09,7.84017e-09,1.74771e-09
380,309.674,2.18876e-09,1.15492e-08,2.71086e-09
380,311.722,2.44358e-09,1.28938e-08,3.02646e-09
380,313.771,2.69945e-09,1.42439e-08,3.34336e-09
380,315.820,2.95484e-09,1.55914e-08,3.65967e-09
380,317.868,3.20835e-09,1.69291e-08,3.97366e-09
380,319.917,3.45869e-09,1.82501e-08,4.28371e-09
380,321.965,3.70467e-09,1.9548e-08,4.58836e-09
380,324.014,5.23244e-09,2.63285e-08,6.48055e-09
380,326.063,5.54293e-09,2.78909e-08,6.86511e-09
380,328.111,5.84373e-09,2.94044e-08,7.23767e-09
380,330.160,6.13379e-09,3.08639e-08,7.59691e-09
380,332.208,6.41216e-09,3.22647e-08,7.94169e-09
380,334.257,6.67804e-09,3.36025e-08,8.27099e-09
380,336.306,6.93071e-09,3.48739e-08,8.58393e-09
380,338.354,7.16956e-09,3.60757e-08,8.87975e-09
380,340.403,7.39409e-09,3.72055e-08,9.15784e-09
380,342.451,7.60387e-09,3.8261e-08,9.41765e-09
380,344.500,7.79857e-09,3.92407e-08,9.6588e-09
380,346.549,7.97794e-09,4.01433e-08,9.88096e-09
380,348.597,8.14182e-09,4.09679e-08,1.00839e-08
380,350.646,8.29011e-09,4.17141e-08,1.02676e-08
380,352.694,8.42277e-09,4.23816e-08,1.04319e-08
380,354.743,8.53984e-09,4.29707e-08,1.05769e-08
380,356.791,8.64141e-09,4.34817e-08,1.07027e-08
380,358.840,6.58055e-09,3.47228e-08,8.15024e-09
380,360.889,6.63412e-09,3.50055e-08,8.21659e-09
380,362.937,6.67645e-09,3.52288e-08,8.26902e-09
380,364.986,6.70775e-09,3.53939e-08,8.30778e-09
380,367.034,6.72825e-09,3.55021e-08,8.33317e-09
380,369.083,6.73823e-09,3.55548e-08,8.34553e-09
380,371.132,6.73798e-09,3.55535e-08,8.34522e-09
380,373.180,6.72781e-09,3.54998e-08,8.33263e-09
380,375.229,4.88779e-09,2.71567e-08,6.0537e-09
380,377.277,4.86665e-09,2.70393e-08,6.02752e-09
380,379.326,4.83905e-09,2.68859e-08,5.99333e-09
380,381.375,4.80524e-09,2.6698e-08,5.95145e-09
380,383.423,4.7655e-09,2.64773e-08,5.90224e-09
380,385.472,4.72012e-09,2.62251e-08,5.84604e-09
380,387.520,3.27817e-09,1.9141e-08,4.06013e-09
380,389.569,3.23899e-09,1.89122e-08,4.01161e-09
380,391.618,3.19647e-09,1.86639e-08,3.95894e-09
380,393.666,3.15079e-09,1.83972e-08,3.90237e-09
380,395.715,3.10218e-09,1.81133e-08,3.84215e-09
380,397.763,2.07345e-09,1.24654e-08,2.56804e-09
380,399.812,2.03683e-09,1.22452e-08,2.52268e-09
380,401.861,1.99862e-09,1.20154e-08,2.47536e-09
380,403.909,1.95896e-09,1.1777e-08,2.42624e-09
380,405.958,1.24063e-09,7.48131e-09,1.53656e-09
380,408.006,1.21335e-09,7.31683e-09,1.50278e-09
380,410.055,1.18539e-09,7.14821e-09,1.46815e-09
380,412.104,1.15682e-09,6.97594e-09,1.43277e-09
380,414.152,6.50019e-10,3.92591e-09,8.05071e-10
380,416.201,6.3299e-10,3.82306e-09,7.8398e-10
380,418.249,6.15745e-10,3.7189e-09,7.62622e-10
380,420.298,2.80786e-10,1.70087e-09,3.47763e-10
380,422.347,2.72548e-10,1.65097e-09,3.37561e-10
380,424.395,2.64266e-10,1.6008e-09,3.27302e-10
380,426.444,2.55956e-10,1.55046e-09,3.1701e-10
380,428.492,7.40367e-11,4.51835e-10,9.16971e-11
380,430.541,7.15508e-11,4.36664e-10,8.86182e-11
380,432.590,6.90713e-11,4.21531e-10,8.55471e-11
380,434.638,4.40635e-12,2.77197e-11,5.45742e-12
380,436.687,4.244e-12,2.66984e-11,5.25634e-12
380,438.735,4.08289e-12,2.56849e-11,5.0568e-12
380,440.784,0,0,0
380,442.832,0,0,0
