window,detector,model,rate_per_tyr,b_per_tyr,E_3sigma,E_5sigma,E_5sigma_lo68,E_5sigma_hi68,E_N3,E_P90_N3,s_at_5sigma,yr_5sigma_LZ alone,yr_3sigma_LZ alone,yr_5sigma_present generation,yr_3sigma_present generation,yr_5sigma_40 t,yr_3sigma_40 t,yr_5sigma_60 t,yr_3sigma_60 t
LZ,LZ-like,L10,0.29919424854993043,0.04246520843999277,4.436627038944705,12.323963997068624,57.53328195881694,4.26884049563794,10.026930713206378,17.788845753650943,3.687259147259344,4.412459605204072,1.588485457873466,1.8001700258645374,0.6480612093112336,,,,
LZ,LZ-like,inel300,0.3519292317533456,0.04246520843999277,4.123766543424661,11.454907065068491,56.99152413157542,3.869846797818584,8.524441078831982,15.123268707512292,4.031316643215525,4.10130334022429,1.476469202480746,1.6732262730161396,0.6023614582858108,,,,
LZ,LZ-like,inel350,0.35189655611745374,0.04246520843999277,3.072726686813061,8.535351907814057,38.38838319878037,3.0243355981457505,8.525232622619585,15.124672990711975,3.003560941610305,3.0559887645232724,1.1001559552283782,1.246764812710204,0.44883533257567354,,,,
LZ,LZ-like,inel366,0.3512558233960269,0.04246520843999277,2.4481236659214254,6.800343516448395,28.768550715818535,2.4895756471076673,8.5407836687098,15.152262207005485,2.388660261245914,2.4347881148449666,0.8765237213441891,0.9933309255694412,0.3575991332049993,,,,
LZ,LZ-like,inel380,0.3459756124378868,0.007253940834358961,2.0672288419092553,5.742302338636823,23.497237730767857,2.146056168010924,8.671131409698976,15.383513017957961,1.9866965684133846,2.0559681216312113,0.7401485237872357,0.838782111983176,0.3019615603139432,,,,
ext300,LZ-like,L10,0.32544596430503026,0.04255100721694449,3.934645028232232,10.929569522867304,50.62842737929808,3.803915084935413,9.218120146016604,16.353929443247814,3.556984292808419,3.913212017934539,1.408756326456435,1.596489851426717,0.5747363465136184,,,,
ext300,LZ-like,inel300,0.3572469517596743,0.04255100721694449,4.048860860660241,11.246835724056218,55.89072549042804,3.8016542825151234,8.397552407999685,14.898154656375127,4.017897779360894,4.026805687729064,1.449650047582464,1.6428331469553343,0.5914199329039207,,,,
ext300,LZ-like,inel350,0.38720145918584875,0.04255100721694449,2.7098283672684342,7.527301020190097,33.60205856518482,2.6784751321544107,7.7479046858655085,13.745610228394552,2.9145819387487335,2.695067244248722,0.9702242079295397,1.0995181157157605,0.3958265216576737,,,,
ext300,LZ-like,inel366,0.4904217583856454,0.04255100721694449,1.612180317550783,4.478278659863287,18.641396905100905,1.655318657387392,6.11718372748245,10.852537121016129,2.1962452949110647,1.6033983621012153,0.5772234103564374,0.6541452906607197,0.23549230463785903,,,,
ext300,LZ-like,inel380,1.3445468438572779,0.007339739611310684,0.41354109473838785,1.1487252631621883,4.491128872787873,0.4402901616586997,2.2312350169916777,3.9584491698075555,1.5445149270438412,0.41128843141591565,0.14806383530972966,0.1677951012506848,0.060406236450246543,,,,
ext400,LZ-like,L10,0.39400984278435736,0.04321964304806983,3.2233279473945053,8.953688742762509,41.71082905712639,3.1124570275813737,7.614022986836671,13.508089798526,3.5278414938759264,3.2057696618074605,1.1540770782506864,1.3078715662814064,0.47083376386130665,,,,
ext400,LZ-like,inel300,0.4010782584736796,0.04321964304806983,3.587823917485095,9.966177548569712,49.544573305631275,3.369479218474048,7.47983700591657,13.270029540092,3.997217134819826,3.568280129819883,1.2845808467351574,1.4557665130835105,0.5240759447100636,,,,
ext400,LZ-like,inel350,0.6874125082920092,0.04321964304806983,1.407262826409406,3.909063406692795,17.188973460755047,1.4049983236304906,4.364191753586212,7.742542176106747,2.6871390814672007,1.399597108553394,0.5038549590792217,0.5709996211938059,0.20555986362977008,,,,
ext400,LZ-like,inel366,1.702601759837184,0.008008375442436018,0.4214565894737581,1.1707127485382163,4.804560783808773,0.4368850019705717,1.7620092206922675,3.1259925035806218,1.9932575859249937,0.4191608084420751,0.1508978910391471,0.17100682859161792,0.061562458292982486,,,,
ext400,LZ-like,inel380,10.494835738956743,0.008008375442436018,0.050636517947082474,0.14065699429745132,0.5463647631533558,0.05411880517818801,0.28585487897290524,0.5071370786755434,1.476172050687127,0.05036068797949666,0.018129847672618795,0.020545865366265164,0.0073965115318554596,,,,
ext400,40 t,L10,0.39400984278435736,0.04287599865535701,3.0775921821483436,8.548867172634285,39.22218558962723,2.994566731538293,7.614022986836671,13.508089798526,3.3683378106739883,,,,,0.2671520991448214,0.09617475569213574,,
ext400,40 t,inel300,0.4010782584736796,0.04287599865535701,3.4918999070786807,9.699721964107454,47.717662849772125,3.295637977931927,7.47983700591657,13.270029540092,3.8903475930431166,,,,,0.3031163113783579,0.10912187209620877,,
ext400,40 t,inel350,0.6874125082920092,0.04287599865535701,1.323257655703924,3.675715710288677,15.88308984227397,1.3328280377441706,4.364191753586212,7.742542176106747,2.5267329561778835,,,,,0.11486611594652116,0.041351801740747623,,
ext400,40 t,inel366,1.702601759837184,0.007664731049723203,0.39352250617386003,1.093118072705167,4.420638179790591,0.41113523667323476,1.7620092206922675,3.1259925035806218,1.8611447542976483,,,,,0.03415993977203647,0.012297578317933126,,
ext400,40 t,inel380,10.494835738956743,0.007664731049723203,0.047702905470313084,0.13250807075086965,0.5098674741679297,0.05125569074595328,0.28585487897290524,0.5071370786755434,1.3906504366164354,,,,,0.0041408772109646766,0.0014907157959472839,,
ext400,60 t,L10,0.39400984278435736,0.042821251115337106,3.0485210047863482,8.468113902184289,38.731153834620635,2.9708919457876197,7.614022986836671,13.508089798526,3.3365202272796624,,,,,,,0.17641903962883934,0.06351085426638226
ext400,60 t,inel300,0.4010782584736796,0.042821251115337106,3.472256400231494,9.645156667309697,47.34404762242079,3.280486782788831,7.47983700591657,13.270029540092,3.868462638830373,,,,,,,0.20094076390228535,0.07233867500482279
ext400,60 t,inel350,0.6874125082920092,0.042821251115337106,1.3062856542159738,3.6285712617110377,15.623707176373212,1.3181097878071237,4.364191753586212,7.742542176106747,2.494325272529085,,,,,,,0.07559523461897995,0.027214284462832788
ext400,60 t,inel366,1.702601759837184,0.007609983509703301,0.38783830705964534,1.077328630721238,4.343769567891126,0.40584820757221407,1.7620092206922675,3.1259925035806218,1.8342616225889636,,,,,,,0.022444346473359123,0.008079964730409278
ext400,60 t,inel380,10.494835738956743,0.007609983509703301,0.04709411331572305,0.13081698143256404,0.502377185435021,0.05065774252766399,0.28585487897290524,0.5071370786755434,1.3729027320009137,,,,,,,0.002725353779845084,0.0009811273607442303
ext600,60 t,L10,0.5467364340798683,0.047185949799913814,2.3092629757249252,6.414619377013679,29.96113010552532,2.2278323909779516,5.48710459556049,9.73470946159138,3.507106124168085,,,,,,,0.13363790368778497,0.04810964532760261
ext600,60 t,inel300,0.41264028420006543,0.047185949799913814,3.403019721079243,9.452832558553457,46.49327622960942,3.211272671531103,7.270254783329572,12.898208298183844,3.90061951345713,,,,,,,0.19693401163653035,0.0708962441891509
ext600,60 t,inel350,0.7567375730313834,0.047185949799913814,1.209363330278737,3.3593425841076012,14.533998598343913,1.2172655531422993,3.9643862111701753,7.033244452913511,2.542140754078562,,,,,,,0.06998630383557503,0.025195069380807022
ext600,60 t,inel366,1.954723561140628,0.011974682194280006,0.347705440930799,0.9658484470299975,3.916538228420935,0.3627171283532141,1.534743868462622,2.722799501494989,1.887966715900622,,,,,,,0.02012184264645828,0.00724386335272498
ext600,60 t,inel380,12.133566401933669,0.011974682194280006,0.04185503158887399,0.11626397663576106,0.4483033173012925,0.044917431666902666,0.24724799787817572,0.4386443491986014,1.4106966806628713,,,,,,,0.0024221661799116887,0.0008719798247682082
