model,experiment,exposure_tyr,roi_max_keV,N_expected,N_lo,N_hi,P_zero,P_zero_hi,P_ge1
O1s_d250,XENONnT,3.1,55.0,1.0482647125493467e-06,3.1447941376480403e-07,2.515835310118432e-06,0.9999989517358369,0.9999974841678546,1.0482641631393008e-06
O1s_d250,XENONnT,3.1,70.0,0.029312658497169138,0.008793797549150743,0.07035038039320593,0.9711127903303227,0.9320671846193486,0.028887209669677283
O1s_d250,XENONnT,3.1,100.0,0.11746925236721288,0.03524077571016387,0.2819262056813109,0.8891678511327079,0.7543293476995316,0.11083214886729209
O1s_d250,XENONnT,3.1,150.0,0.40811478148945657,0.12243443444683699,0.9794754755746957,0.6649025559365446,0.37550801032775977,0.33509744406345543
O1s_d250,XENONnT,3.1,270.0,1.0233274647887323,0.30699823943661975,2.4559859154929575,0.3593970672518801,0.08577858330356901,0.64060293274812
O1s_d250,PandaX-4T,1.54,55.0,5.207508572019335e-07,1.5622525716058007e-07,1.2498020572846404e-06,0.9999994792492783,0.9999987501987238,5.207507216553608e-07
O1s_d250,PandaX-4T,1.54,70.0,0.014561772285690474,0.004368531685707143,0.03494825348565714,0.9855437375627001,0.9656553842649124,0.014456262437299916
O1s_d250,PandaX-4T,1.54,100.0,0.05835569311145414,0.017506707933436245,0.14005366346748993,0.9433143573379525,0.8693115838731559,0.05668564266204745
O1s_d250,PandaX-4T,1.54,150.0,0.202740891449601,0.06082226743488031,0.4865781394790424,0.8164897735011692,0.6147263070121615,0.18351022649883075
O1s_d250,PandaX-4T,1.54,270.0,0.508362676056338,0.15250880281690143,1.2200704225352113,0.6014795899541897,0.2952093767992438,0.3985204100458103
O1s_d250,XENONnT+PandaX-4T,4.640000000000001,55.0,1.5690155697512803e-06,4.707046709253841e-07,3.7656373674030726e-06,0.9999984309856611,0.9999962343697226,1.5690143388980005e-06
O1s_d250,XENONnT+PandaX-4T,4.640000000000001,70.0,0.043874430782859616,0.013162329234857885,0.10529863387886308,0.9570741289770889,0.900055695324312,0.04292587102291112
O1s_d250,XENONnT+PandaX-4T,4.640000000000001,100.0,0.17582494547866703,0.05274748364360011,0.42197986914880087,0.8387648000568186,0.6557472400106843,0.16123519994318136
O1s_d250,XENONnT+PandaX-4T,4.640000000000001,150.0,0.6108556729390576,0.18325670188171728,1.4660536150537382,0.5428861372969778,0.23083465244226833,0.45711386270302223
O1s_d250,XENONnT+PandaX-4T,4.640000000000001,270.0,1.5316901408450705,0.4595070422535211,3.676056338028169,0.21617000064139913,0.02532264211976862,0.7838299993586009
O1s_d300,XENONnT,3.1,55.0,0.0,0.0,0.0,1.0,1.0,0.0
O1s_d300,XENONnT,3.1,70.0,0.0,0.0,0.0,1.0,1.0,0.0
O1s_d300,XENONnT,3.1,100.0,9.682104880690577e-06,2.9046314642071736e-06,2.3237051713657382e-05,0.9999903179419908,0.9999767632182646,9.682058009219396e-06
O1s_d300,XENONnT,3.1,150.0,0.20156861046569044,0.06047058313970714,0.48376466511765703,0.8174474901830512,0.616458258974972,0.18255250981694882
O1s_d300,XENONnT,3.1,270.0,1.0233274647887323,0.30699823943661975,2.4559859154929575,0.3593970672518801,0.08577858330356901,0.64060293274812
O1s_d300,PandaX-4T,1.54,55.0,0.0,0.0,0.0,1.0,1.0,0.0
O1s_d300,PandaX-4T,1.54,70.0,0.0,0.0,0.0,1.0,1.0,0.0
O1s_d300,PandaX-4T,1.54,100.0,4.809819843955964e-06,1.4429459531867895e-06,1.1543567625494313e-05,0.9999951901917232,0.9999884564990013,4.809808276773353e-06
O1s_d300,PandaX-4T,1.54,150.0,0.10013408390876234,0.030040225172628707,0.2403218013810296,0.9047161020315987,0.7863747638602052,0.09528389796840131
O1s_d300,PandaX-4T,1.54,270.0,0.508362676056338,0.15250880281690143,1.2200704225352113,0.6014795899541897,0.2952093767992438,0.3985204100458103
O1s_d300,XENONnT+PandaX-4T,4.640000000000001,55.0,0.0,0.0,0.0,1.0,1.0,0.0
O1s_d300,XENONnT+PandaX-4T,4.640000000000001,70.0,0.0,0.0,0.0,1.0,1.0,0.0
O1s_d300,XENONnT+PandaX-4T,4.640000000000001,100.0,1.4491924724646542e-05,4.347577417393963e-06,3.47806193391517e-05,0.9999855081802828,0.9999652199854996,1.4491819717243892e-05
O1s_d300,XENONnT+PandaX-4T,4.640000000000001,150.0,0.3017026943744528,0.09051080831233584,0.7240864664986867,0.7395579069339236,0.4847672178311168,0.26044209306607635
O1s_d300,XENONnT+PandaX-4T,4.640000000000001,270.0,1.5316901408450705,0.4595070422535211,3.676056338028169,0.21617000064139913,0.02532264211976862,0.7838299993586009
O1s_d350,XENONnT,3.1,55.0,0.0,0.0,0.0,1.0,1.0,0.0
O1s_d350,XENONnT,3.1,70.0,0.0,0.0,0.0,1.0,1.0,0.0
O1s_d350,XENONnT,3.1,100.0,0.0,0.0,0.0,1.0,1.0,0.0
O1s_d350,XENONnT,3.1,150.0,0.0,0.0,0.0,1.0,1.0,0.0
O1s_d350,XENONnT,3.1,270.0,1.0233274647887325,0.3069982394366198,2.455985915492958,0.35939706725188003,0.08577858330356897,0.64060293274812
O1s_d350,PandaX-4T,1.54,55.0,0.0,0.0,0.0,1.0,1.0,0.0
O1s_d350,PandaX-4T,1.54,70.0,0.0,0.0,0.0,1.0,1.0,0.0
O1s_d350,PandaX-4T,1.54,100.0,0.0,0.0,0.0,1.0,1.0,0.0
O1s_d350,PandaX-4T,1.54,150.0,0.0,0.0,0.0,1.0,1.0,0.0
O1s_d350,PandaX-4T,1.54,270.0,0.5083626760563381,0.15250880281690146,1.2200704225352115,0.6014795899541896,0.29520937679924375,0.3985204100458104
O1s_d350,XENONnT+PandaX-4T,4.640000000000001,55.0,0.0,0.0,0.0,1.0,1.0,0.0
O1s_d350,XENONnT+PandaX-4T,4.640000000000001,70.0,0.0,0.0,0.0,1.0,1.0,0.0
O1s_d350,XENONnT+PandaX-4T,4.640000000000001,100.0,0.0,0.0,0.0,1.0,1.0,0.0
O1s_d350,XENONnT+PandaX-4T,4.640000000000001,150.0,0.0,0.0,0.0,1.0,1.0,0.0
O1s_d350,XENONnT+PandaX-4T,4.640000000000001,270.0,1.5316901408450707,0.4595070422535212,3.6760563380281694,0.21617000064139907,0.02532264211976861,0.7838299993586009
L10_1000,XENONnT,3.1,55.0,0.07345562049999396,0.02203668614999819,0.1762934891999855,0.929177381304106,0.8383718941300796,0.07082261869589401
L10_1000,XENONnT,3.1,70.0,0.08964179072525863,0.026892537217577592,0.2151402977406207,0.9142586225402998,0.8064282921729433,0.08574137745970023
L10_1000,XENONnT,3.1,100.0,0.1534048884210803,0.0460214665263241,0.3681717322105927,0.8577823453523461,0.6919983330804891,0.1422176546476539
L10_1000,XENONnT,3.1,150.0,0.3445246782315999,0.10335740346947998,0.8268592277558396,0.7085570660356943,0.4374209707637362,0.29144293396430565
L10_1000,XENONnT,3.1,270.0,1.0237241676475546,0.3071172502942664,2.4569380023541307,0.3592545216838355,0.08569695350693031,0.6407454783161646
L10_1000,PandaX-4T,1.54,55.0,0.03649085663548087,0.010947256990644263,0.0875780559251541,0.964166909585533,0.9161473581302706,0.03583309041446703
L10_1000,PandaX-4T,1.54,70.0,0.04453172829577364,0.013359518488732094,0.10687614790985674,0.9564452532343104,0.8986369641646328,0.0435547467656896
L10_1000,PandaX-4T,1.54,100.0,0.07620758973176248,0.022862276919528746,0.18289821535622994,0.9266238290001633,0.8328529230610985,0.07337617099983673
L10_1000,PandaX-4T,1.54,150.0,0.1711509691860206,0.05134529075580619,0.4107623260464494,0.8426943429888952,0.6631445250531008,0.15730565701110477
L10_1000,PandaX-4T,1.54,270.0,0.5085597477991078,0.15256792433973237,1.2205433947178588,0.6013610670023029,0.2950697839903211,0.39863893299769715
L10_1000,XENONnT+PandaX-4T,4.640000000000001,55.0,0.10994647713547484,0.03298394314064245,0.2638715451251396,0.8958820841887584,0.7680721959379433,0.10411791581124163
L10_1000,XENONnT+PandaX-4T,4.640000000000001,70.0,0.13417351902103228,0.04025205570630968,0.32201644565047743,0.8744383197572089,0.7246862722947632,0.12556168024279113
L10_1000,XENONnT+PandaX-4T,4.640000000000001,100.0,0.2296124781528428,0.06888374344585284,0.5510699475668227,0.7948415612991313,0.5763328344594929,0.2051584387008687
L10_1000,XENONnT+PandaX-4T,4.640000000000001,150.0,0.5156756474176205,0.15470269422528615,1.2376215538022892,0.5970970312330887,0.29007332190538415,0.40290296876691134
L10_1000,XENONnT+PandaX-4T,4.640000000000001,270.0,1.5322839154466625,0.4596851746339987,3.6774813970719897,0.21604168248519323,0.02528658155991851,0.7839583175148068
O4_1000,XENONnT,3.1,55.0,0.7697209592680615,0.23091628778041848,1.8473303022433476,0.4631422858443458,0.15765750285990995,0.5368577141556542
O4_1000,XENONnT,3.1,70.0,0.8270437867202387,0.24811313601607166,1.9849050881285728,0.4373402482516264,0.13739365378693785,0.5626597517483736
O4_1000,XENONnT,3.1,100.0,0.9035138968969757,0.27105416906909274,2.1684333525527415,0.40514352299101325,0.11435663317397518,0.5948564770089868
O4_1000,XENONnT,3.1,150.0,0.974700102312506,0.2924100306937519,2.3392802455500146,0.3773054896415071,0.09639699543384969,0.6226945103584929
O4_1000,XENONnT,3.1,270.0,1.0394270709050282,0.3118281212715085,2.4946249701720675,0.3536572444512602,0.08252739582389533,0.6463427555487398
O4_1000,PandaX-4T,1.54,55.0,0.3823775087976821,0.11471325263930465,0.917706021114437,0.6822374539444834,0.3994342847236884,0.31776254605551657
O4_1000,PandaX-4T,1.54,70.0,0.41085401017715084,0.12325620305314527,0.986049624425162,0.6630837280108965,0.3730474616419334,0.33691627198910346
O4_1000,PandaX-4T,1.54,100.0,0.44884238749075567,0.13465271624722672,1.0772217299778135,0.6383667053433745,0.34054032556042274,0.3616332946566255
O4_1000,PandaX-4T,1.54,150.0,0.48420585727782556,0.1452617571833477,1.1620940574667813,0.6161863424121797,0.31283040965574627,0.38381365758782027
O4_1000,PandaX-4T,1.54,270.0,0.5163605449012075,0.1549081634703623,1.2392653077628981,0.5966882209914732,0.28959690439748836,0.40331177900852677
O4_1000,XENONnT+PandaX-4T,4.640000000000001,55.0,1.1520984680657438,0.3456295404197231,2.765036323357785,0.3159730139084746,0.06297381188617097,0.6840269860915253
O4_1000,XENONnT+PandaX-4T,4.640000000000001,70.0,1.2378977968973897,0.3713693390692169,2.970954712553735,0.2899932022198994,0.05125435379092777,0.7100067977801006
O4_1000,XENONnT+PandaX-4T,4.640000000000001,100.0,1.3523562843877315,0.40570688531631943,3.2456550825305555,0.2586301359629808,0.03894304509105933,0.7413698640370192
O4_1000,XENONnT+PandaX-4T,4.640000000000001,150.0,1.4589059595903318,0.43767178787709954,3.5013743030167963,0.23249048963423677,0.03015591157115429,0.7675095103657632
O4_1000,XENONnT+PandaX-4T,4.640000000000001,270.0,1.5557876158062358,0.46673628474187073,3.733890277934966,0.211023112032369,0.02389967835858629,0.788976887967631
O6_1000,XENONnT,3.1,55.0,0.10352217199387788,0.031056651598163367,0.2484532127853069,0.9016560310082284,0.780006354306173,0.09834396899177156
O6_1000,XENONnT,3.1,70.0,0.16401172246258144,0.04920351673877444,0.39362813391019547,0.8487320725919292,0.6746048722785815,0.15126792740807082
O6_1000,XENONnT,3.1,100.0,0.30175143420350165,0.0905254302610505,0.7242034420884039,0.7395218618863898,0.484710515216411,0.2604781381136102
O6_1000,XENONnT,3.1,150.0,0.5496952469086509,0.1649085740725953,1.3192685925807621,0.5771256644134225,0.267330758177997,0.4228743355865775
O6_1000,XENONnT,3.1,270.0,1.0234438235716334,0.3070331470714901,2.4562651765719203,0.35935525067946633,0.08575463202832889,0.6406447493205336
O6_1000,PandaX-4T,1.54,55.0,0.05142714350663611,0.015428143051990835,0.12342514441592665,0.9498728518463927,0.8838878027054969,0.050127148153607304
O6_1000,PandaX-4T,1.54,70.0,0.08147679115883079,0.02444303734764924,0.1955442987811939,0.9217541024501984,0.8223869120193795,0.0782458975498016
O6_1000,PandaX-4T,1.54,100.0,0.14990232537851372,0.04497069761355412,0.3597655809084329,0.8607920498567188,0.6978398938925575,0.13920795014328124
O6_1000,PandaX-4T,1.54,150.0,0.27307441298042656,0.08192232389412799,0.6553785911530238,0.7610361545533697,0.5192454436390899,0.2389638454466303
O6_1000,PandaX-4T,1.54,270.0,0.508420480096876,0.15252614402906284,1.2202091522325025,0.6014448230084338,0.2951684253324209,0.3985551769915662
O6_1000,XENONnT+PandaX-4T,4.640000000000001,55.0,0.154949315500514,0.0464847946501542,0.3718783572012336,0.8564585855582855,0.6894381026040086,0.14354141444171453
O6_1000,XENONnT+PandaX-4T,4.640000000000001,70.0,0.24548851362141227,0.07364655408642368,0.5891724326913894,0.7823222697926703,0.5547862177464106,0.21767773020732972
O6_1000,XENONnT+PandaX-4T,4.640000000000001,100.0,0.4516537595820154,0.13549612787460463,1.083969022996837,0.6365745394070428,0.3382503345072271,0.3634254605929572
O6_1000,XENONnT+PandaX-4T,4.640000000000001,150.0,0.8227696598890776,0.24683089796672325,1.974647183733786,0.43921349633924955,0.1388102781285083,0.5607865036607504
O6_1000,XENONnT+PandaX-4T,4.640000000000001,270.0,1.5318643036685096,0.4595592911005528,3.6764743288044226,0.21613235514206297,0.025312059700763032,0.783867644857937
O1s_el,XENONnT,3.1,55.0,1.0154377195198294,0.3046313158559489,2.4370505268475906,0.3622438339277129,0.08741830954952405,0.637756166072287
O1s_el,XENONnT,3.1,70.0,1.0363406740324514,0.31090220220973547,2.4872176176778833,0.3547504572409517,0.08314097502838474,0.6452495427590483
O1s_el,XENONnT,3.1,100.0,1.0416123904250196,0.31248371712750594,2.499869737020047,0.3528852342233205,0.08209569195688657,0.6471147657766795
O1s_el,XENONnT,3.1,150.0,1.0433940590404573,0.3130182177121372,2.5041457416970974,0.3522570694335666,0.08174539985318467,0.6477429305664334
O1s_el,XENONnT,3.1,270.0,1.045641796261475,0.31369253887844256,2.50954031102754,0.35146617729906526,0.0813056059421542,0.6485338227009347
O1s_el,PandaX-4T,1.54,55.0,0.5044432542130766,0.151332976263923,1.2106638101113838,0.6038416681639706,0.2979993987454805,0.39615833183602944
O1s_el,PandaX-4T,1.54,70.0,0.514827302583863,0.15444819077515892,1.2355855262012712,0.5976037903376289,0.29066452083954625,0.4023962096623711
O1s_el,PandaX-4T,1.54,100.0,0.5174461552433968,0.15523384657301906,1.2418707725841522,0.5960408015738948,0.2888433519542151,0.40395919842610517
O1s_el,PandaX-4T,1.54,150.0,0.5183312422330013,0.1554993726699004,1.243994981359203,0.5955134870092026,0.2882304395787705,0.4044865129907974
O1s_el,PandaX-4T,1.54,270.0,0.5194478600782811,0.15583435802348436,1.2466748641878747,0.5948488971380111,0.2874590498517467,0.40515110286198885
O1s_el,XENONnT+PandaX-4T,4.640000000000001,55.0,1.5198809737329062,0.45596429211987183,3.6477143369589746,0.21873792096102243,0.026050603685104458,0.7812620790389776
O1s_el,XENONnT+PandaX-4T,4.640000000000001,70.0,1.5511679766163144,0.46535039298489433,3.7228031438791547,0.21200021787119971,0.024166131668758126,0.7879997821288003
O1s_el,XENONnT+PandaX-4T,4.640000000000001,100.0,1.5590585456684165,0.4677175637005249,3.7417405096041993,0.21033399787005957,0.02371279484582781,0.7896660021299404
O1s_el,XENONnT+PandaX-4T,4.640000000000001,150.0,1.5617253012734589,0.46851759038203766,3.7481407230563013,0.209773835742026,0.02356151253322575,0.790226164257974
O1s_el,XENONnT+PandaX-4T,4.640000000000001,270.0,1.5650896563397563,0.46952689690192684,3.7562151752154147,0.20906926794766162,0.02337203223175218,0.7909307320523384
L10_flip,XENONnT,3.1,55.0,0.10078651865563573,0.030235955596690723,0.24188764477352576,0.9041260263244563,0.7851443876717945,0.09587397367554373
L10_flip,XENONnT,3.1,70.0,0.1572450551225164,0.04717351653675493,0.3773881322940394,0.8544946348710897,0.6856498993755455,0.14550536512891032
L10_flip,XENONnT,3.1,100.0,0.28825388616348363,0.0864761658490451,0.6918093267923607,0.7495712623069508,0.5006693745465817,0.2504287376930492
L10_flip,XENONnT,3.1,150.0,0.5310274741438031,0.15930824224314097,1.2744659379451275,0.5880005038807636,0.27958024155555444,0.41199949611923636
L10_flip,XENONnT,3.1,270.0,1.0234693311263425,0.3070407993379028,2.456326394703222,0.35934608452265326,0.08574938245069197,0.6406539154773467
L10_flip,PandaX-4T,1.54,55.0,0.05006814152570291,0.015020442457710875,0.12016353966168697,0.9511646084847912,0.8867754019087886,0.04883539151520877
L10_flip,PandaX-4T,1.54,70.0,0.07811528544795976,0.023434585634387932,0.18747668507510343,0.9248577977517705,0.8290484471573537,0.07514220224822954
L10_flip,PandaX-4T,1.54,100.0,0.14319709183605314,0.04295912755081595,0.34367302040652753,0.866583255578152,0.7091607712441363,0.13341674442184803
L10_flip,PandaX-4T,1.54,150.0,0.2638007452198248,0.07914022356594744,0.6331217885275794,0.7681265773017657,0.530931754537816,0.2318734226982343
L10_flip,PandaX-4T,1.54,270.0,0.5084331515917959,0.1525299454775388,1.22023956382031,0.6014372018517002,0.29515944892842993,0.39856279814829976
L10_flip,XENONnT+PandaX-4T,4.640000000000001,55.0,0.15085466018133864,0.04525639805440159,0.3620511844352127,0.8599726778498115,0.6962467299340853,0.14002732215018854
L10_flip,XENONnT+PandaX-4T,4.640000000000001,70.0,0.23536034057047617,0.07060810217114284,0.5648648173691427,0.7902860261975793,0.568436984370892,0.20971397380242074
L10_flip,XENONnT+PandaX-4T,4.640000000000001,100.0,0.4314509779995368,0.12943529339986104,1.0354823471988883,0.6495659047777823,0.3550550797917732,0.3504340952222177
L10_flip,XENONnT+PandaX-4T,4.640000000000001,150.0,0.794828219363628,0.2384484658090884,1.9075877264727072,0.4516588144976445,0.1484380281831969,0.5483411855023554
L10_flip,XENONnT+PandaX-4T,4.640000000000001,270.0,1.5319024827181387,0.4595707448154416,3.6765659585235326,0.2161241035716691,0.025309740470099405,0.7838758964283309
L10_fig1dig,XENONnT,3.1,55.0,0.06479445779615232,0.0194383373388457,0.15550669871076558,0.9372600900847607,0.8559813429382869,0.06273990991523926
L10_fig1dig,XENONnT,3.1,70.0,0.08136566909720175,0.024409700729160527,0.19527760583328418,0.9218565353575502,0.8226062660580559,0.07814346464244981
L10_fig1dig,XENONnT,3.1,100.0,0.12774664457353407,0.03832399337206023,0.3065919469764818,0.8800763230135714,0.7359508466131245,0.11992367698642858
L10_fig1dig,XENONnT,3.1,150.0,0.2973849410999831,0.08921548232999495,0.7137238586399594,0.7427580392274231,0.4898167885863689,0.2572419607725769
L10_fig1dig,XENONnT,3.1,270.0,1.0235620234260676,0.30706860702782035,2.4565488562225624,0.35931277745136,0.08573030863446322,0.64068722254864
L10_fig1dig,PandaX-4T,1.54,55.0,0.03218821451808857,0.009656464355426574,0.07725171484341257,0.9683243122330396,0.9256568227168749,0.03167568776696039
L10_fig1dig,PandaX-4T,1.54,70.0,0.04042036464828732,0.012126109394486198,0.09700887515588956,0.9603856421146018,0.907547951467983,0.039614357885398244
L10_fig1dig,PandaX-4T,1.54,100.0,0.06346123633652982,0.01903837090095895,0.15230696720767156,0.9385104987006949,0.8587246399737671,0.06148950129930508
L10_fig1dig,PandaX-4T,1.54,150.0,0.1477331642883787,0.04431994928651362,0.35455959429210887,0.8626612730681634,0.7014823120039811,0.13733872693183657
L10_fig1dig,PandaX-4T,1.54,270.0,0.5084791987342401,0.15254375962027206,1.2203500769621762,0.6014095080248111,0.2951268317327249,0.3985904919751889
L10_fig1dig,XENONnT+PandaX-4T,4.640000000000001,55.0,0.0969826723142409,0.029094801694272268,0.23275841355417815,0.9075717321148028,0.7923449702091784,0.0924282678851972
L10_fig1dig,XENONnT+PandaX-4T,4.640000000000001,70.0,0.12178603374548908,0.03653581012364672,0.29228648098917376,0.8853377806469029,0.7465546316257151,0.11466221935309706
L10_fig1dig,XENONnT+PandaX-4T,4.640000000000001,100.0,0.1912078809100639,0.05736236427301917,0.45889891418415335,0.8259608688061408,0.6319791257962444,0.17403913119385916
L10_fig1dig,XENONnT+PandaX-4T,4.640000000000001,150.0,0.44511810538836183,0.13353543161650855,1.0682834529320684,0.6407485957015417,0.34359781331593126,0.35925140429845825
L10_fig1dig,XENONnT+PandaX-4T,4.640000000000001,270.0,1.532041222160308,0.45961236664809235,3.676898933184739,0.21609412071405082,0.025301314370757794,0.7839058792859492
